,path,company,year,quarter
2494,/home/aacastro/conferences_data/companies/T/2019/Q2,T,2019,Q2
2495,/home/aacastro/conferences_data/companies/T/2019/Q1,T,2019,Q1
2496,/home/aacastro/conferences_data/companies/T/2019/Q3,T,2019,Q3
2497,/home/aacastro/conferences_data/companies/T/2024/Q2,T,2024,Q2
2498,/home/aacastro/conferences_data/companies/T/2024/Q1,T,2024,Q1
2499,/home/aacastro/conferences_data/companies/T/2023/Q4,T,2023,Q4
2500,/home/aacastro/conferences_data/companies/T/2023/Q2,T,2023,Q2
2501,/home/aacastro/conferences_data/companies/T/2023/Q1,T,2023,Q1
2502,/home/aacastro/conferences_data/companies/T/2023/Q3,T,2023,Q3
2503,/home/aacastro/conferences_data/companies/T/2021/Q4,T,2021,Q4
2504,/home/aacastro/conferences_data/companies/T/2021/Q2,T,2021,Q2
2505,/home/aacastro/conferences_data/companies/T/2021/Q1,T,2021,Q1
2506,/home/aacastro/conferences_data/companies/T/2021/Q3,T,2021,Q3
2507,/home/aacastro/conferences_data/companies/T/2018/Q4,T,2018,Q4
2508,/home/aacastro/conferences_data/companies/T/2020/Q4,T,2020,Q4
2509,/home/aacastro/conferences_data/companies/T/2020/Q2,T,2020,Q2
2510,/home/aacastro/conferences_data/companies/T/2020/Q1,T,2020,Q1
2511,/home/aacastro/conferences_data/companies/T/2020/Q3,T,2020,Q3
2512,/home/aacastro/conferences_data/companies/T/2022/Q4,T,2022,Q4
2513,/home/aacastro/conferences_data/companies/T/2022/Q2,T,2022,Q2
2514,/home/aacastro/conferences_data/companies/T/2022/Q1,T,2022,Q1
2515,/home/aacastro/conferences_data/companies/T/2022/Q3,T,2022,Q3
2516,/home/aacastro/conferences_data/companies/ABBV/2019/Q2,ABBV,2019,Q2
2517,/home/aacastro/conferences_data/companies/ABBV/2019/Q1,ABBV,2019,Q1
2518,/home/aacastro/conferences_data/companies/ABBV/2019/Q3,ABBV,2019,Q3
2519,/home/aacastro/conferences_data/companies/ABBV/2024/Q2,ABBV,2024,Q2
2520,/home/aacastro/conferences_data/companies/ABBV/2024/Q1,ABBV,2024,Q1
2521,/home/aacastro/conferences_data/companies/ABBV/2024/Q3,ABBV,2024,Q3
2522,/home/aacastro/conferences_data/companies/ABBV/2023/Q4,ABBV,2023,Q4
2523,/home/aacastro/conferences_data/companies/ABBV/2023/Q1,ABBV,2023,Q1
2524,/home/aacastro/conferences_data/companies/ABBV/2023/Q3,ABBV,2023,Q3
2525,/home/aacastro/conferences_data/companies/ABBV/2021/Q4,ABBV,2021,Q4
2526,/home/aacastro/conferences_data/companies/ABBV/2021/Q2,ABBV,2021,Q2
2527,/home/aacastro/conferences_data/companies/ABBV/2021/Q1,ABBV,2021,Q1
2528,/home/aacastro/conferences_data/companies/ABBV/2021/Q3,ABBV,2021,Q3
2529,/home/aacastro/conferences_data/companies/ABBV/2020/Q2,ABBV,2020,Q2
2530,/home/aacastro/conferences_data/companies/ABBV/2020/Q3,ABBV,2020,Q3
2531,/home/aacastro/conferences_data/companies/ABBV/2022/Q4,ABBV,2022,Q4
2532,/home/aacastro/conferences_data/companies/ABBV/2022/Q2,ABBV,2022,Q2
2533,/home/aacastro/conferences_data/companies/ABBV/2022/Q1,ABBV,2022,Q1
2534,/home/aacastro/conferences_data/companies/ABBV/2022/Q3,ABBV,2022,Q3
2535,/home/aacastro/conferences_data/companies/UPS/2024/Q2,UPS,2024,Q2
2536,/home/aacastro/conferences_data/companies/UPS/2024/Q1,UPS,2024,Q1
2537,/home/aacastro/conferences_data/companies/UPS/2024/Q3,UPS,2024,Q3
2538,/home/aacastro/conferences_data/companies/UPS/2023/Q4,UPS,2023,Q4
2539,/home/aacastro/conferences_data/companies/UPS/2023/Q2,UPS,2023,Q2
2540,/home/aacastro/conferences_data/companies/UPS/2023/Q1,UPS,2023,Q1
2541,/home/aacastro/conferences_data/companies/UPS/2023/Q3,UPS,2023,Q3
2542,/home/aacastro/conferences_data/companies/UPS/2021/Q4,UPS,2021,Q4
2543,/home/aacastro/conferences_data/companies/UPS/2021/Q2,UPS,2021,Q2
2544,/home/aacastro/conferences_data/companies/UPS/2021/Q1,UPS,2021,Q1
2545,/home/aacastro/conferences_data/companies/UPS/2021/Q3,UPS,2021,Q3
2546,/home/aacastro/conferences_data/companies/UPS/2020/Q4,UPS,2020,Q4
2547,/home/aacastro/conferences_data/companies/UPS/2020/Q3,UPS,2020,Q3
2548,/home/aacastro/conferences_data/companies/UPS/2022/Q2,UPS,2022,Q2
2549,/home/aacastro/conferences_data/companies/UPS/2022/Q1,UPS,2022,Q1
2550,/home/aacastro/conferences_data/companies/UPS/2022/Q3,UPS,2022,Q3
2551,/home/aacastro/conferences_data/companies/ORLY/2024/Q2,ORLY,2024,Q2
2552,/home/aacastro/conferences_data/companies/ORLY/2024/Q1,ORLY,2024,Q1
2553,/home/aacastro/conferences_data/companies/ORLY/2024/Q3,ORLY,2024,Q3
2554,/home/aacastro/conferences_data/companies/ORLY/2023/Q4,ORLY,2023,Q4
2555,/home/aacastro/conferences_data/companies/ORLY/2023/Q2,ORLY,2023,Q2
2556,/home/aacastro/conferences_data/companies/ORLY/2023/Q1,ORLY,2023,Q1
2557,/home/aacastro/conferences_data/companies/ORLY/2023/Q3,ORLY,2023,Q3
2558,/home/aacastro/conferences_data/companies/ORLY/2021/Q4,ORLY,2021,Q4
2559,/home/aacastro/conferences_data/companies/ORLY/2021/Q2,ORLY,2021,Q2
2560,/home/aacastro/conferences_data/companies/ORLY/2021/Q1,ORLY,2021,Q1
2561,/home/aacastro/conferences_data/companies/ORLY/2021/Q3,ORLY,2021,Q3
2562,/home/aacastro/conferences_data/companies/ORLY/2020/Q4,ORLY,2020,Q4
2563,/home/aacastro/conferences_data/companies/ORLY/2020/Q3,ORLY,2020,Q3
2564,/home/aacastro/conferences_data/companies/ORLY/2022/Q4,ORLY,2022,Q4
2565,/home/aacastro/conferences_data/companies/ORLY/2022/Q2,ORLY,2022,Q2
2566,/home/aacastro/conferences_data/companies/ORLY/2022/Q1,ORLY,2022,Q1
2567,/home/aacastro/conferences_data/companies/ORLY/2022/Q3,ORLY,2022,Q3
2568,/home/aacastro/conferences_data/companies/MCK/2024/Q4,MCK,2024,Q4
2569,/home/aacastro/conferences_data/companies/MCK/2024/Q2,MCK,2024,Q2
2570,/home/aacastro/conferences_data/companies/MCK/2024/Q1,MCK,2024,Q1
2571,/home/aacastro/conferences_data/companies/MCK/2024/Q3,MCK,2024,Q3
2572,/home/aacastro/conferences_data/companies/MCK/2023/Q4,MCK,2023,Q4
2573,/home/aacastro/conferences_data/companies/MCK/2023/Q1,MCK,2023,Q1
2574,/home/aacastro/conferences_data/companies/MCK/2023/Q3,MCK,2023,Q3
2575,/home/aacastro/conferences_data/companies/MCK/2021/Q4,MCK,2021,Q4
2576,/home/aacastro/conferences_data/companies/MCK/2021/Q3,MCK,2021,Q3
2577,/home/aacastro/conferences_data/companies/MCK/2025/Q2,MCK,2025,Q2
2578,/home/aacastro/conferences_data/companies/MCK/2025/Q1,MCK,2025,Q1
2579,/home/aacastro/conferences_data/companies/MCK/2022/Q4,MCK,2022,Q4
2580,/home/aacastro/conferences_data/companies/MCK/2022/Q2,MCK,2022,Q2
2581,/home/aacastro/conferences_data/companies/MCK/2022/Q1,MCK,2022,Q1
2582,/home/aacastro/conferences_data/companies/MCK/2022/Q3,MCK,2022,Q3
2583,/home/aacastro/conferences_data/companies/WFC/2019/Q4,WFC,2019,Q4
2584,/home/aacastro/conferences_data/companies/WFC/2019/Q2,WFC,2019,Q2
2585,/home/aacastro/conferences_data/companies/WFC/2019/Q1,WFC,2019,Q1
2586,/home/aacastro/conferences_data/companies/WFC/2019/Q3,WFC,2019,Q3
2587,/home/aacastro/conferences_data/companies/WFC/2024/Q2,WFC,2024,Q2
2588,/home/aacastro/conferences_data/companies/WFC/2024/Q1,WFC,2024,Q1
2589,/home/aacastro/conferences_data/companies/WFC/2024/Q3,WFC,2024,Q3
2590,/home/aacastro/conferences_data/companies/WFC/2023/Q2,WFC,2023,Q2
2591,/home/aacastro/conferences_data/companies/WFC/2023/Q3,WFC,2023,Q3
2592,/home/aacastro/conferences_data/companies/WFC/2021/Q4,WFC,2021,Q4
2593,/home/aacastro/conferences_data/companies/WFC/2021/Q2,WFC,2021,Q2
2594,/home/aacastro/conferences_data/companies/WFC/2021/Q1,WFC,2021,Q1
2595,/home/aacastro/conferences_data/companies/WFC/2021/Q3,WFC,2021,Q3
2596,/home/aacastro/conferences_data/companies/WFC/2020/Q4,WFC,2020,Q4
2597,/home/aacastro/conferences_data/companies/WFC/2020/Q1,WFC,2020,Q1
2598,/home/aacastro/conferences_data/companies/WFC/2020/Q3,WFC,2020,Q3
2599,/home/aacastro/conferences_data/companies/WFC/2022/Q4,WFC,2022,Q4
2600,/home/aacastro/conferences_data/companies/WFC/2022/Q2,WFC,2022,Q2
2601,/home/aacastro/conferences_data/companies/WFC/2022/Q1,WFC,2022,Q1
2602,/home/aacastro/conferences_data/companies/WFC/2022/Q3,WFC,2022,Q3
2603,/home/aacastro/conferences_data/companies/LOW/2019/Q2,LOW,2019,Q2
2604,/home/aacastro/conferences_data/companies/LOW/2019/Q1,LOW,2019,Q1
2605,/home/aacastro/conferences_data/companies/LOW/2019/Q3,LOW,2019,Q3
2606,/home/aacastro/conferences_data/companies/LOW/2024/Q3,LOW,2024,Q3
2607,/home/aacastro/conferences_data/companies/LOW/2023/Q3,LOW,2023,Q3
2608,/home/aacastro/conferences_data/companies/LOW/2021/Q2,LOW,2021,Q2
2609,/home/aacastro/conferences_data/companies/LOW/2020/Q4,LOW,2020,Q4
2610,/home/aacastro/conferences_data/companies/LOW/2020/Q2,LOW,2020,Q2
2611,/home/aacastro/conferences_data/companies/LOW/2020/Q1,LOW,2020,Q1
2612,/home/aacastro/conferences_data/companies/LOW/2022/Q4,LOW,2022,Q4
2613,/home/aacastro/conferences_data/companies/CCI/2019/Q4,CCI,2019,Q4
2614,/home/aacastro/conferences_data/companies/CCI/2019/Q1,CCI,2019,Q1
2615,/home/aacastro/conferences_data/companies/CCI/2019/Q3,CCI,2019,Q3
2616,/home/aacastro/conferences_data/companies/CCI/2024/Q2,CCI,2024,Q2
2617,/home/aacastro/conferences_data/companies/CCI/2024/Q1,CCI,2024,Q1
2618,/home/aacastro/conferences_data/companies/CCI/2024/Q3,CCI,2024,Q3
2619,/home/aacastro/conferences_data/companies/CCI/2023/Q4,CCI,2023,Q4
2620,/home/aacastro/conferences_data/companies/CCI/2023/Q2,CCI,2023,Q2
2621,/home/aacastro/conferences_data/companies/CCI/2023/Q1,CCI,2023,Q1
2622,/home/aacastro/conferences_data/companies/CCI/2023/Q3,CCI,2023,Q3
2623,/home/aacastro/conferences_data/companies/CCI/2021/Q4,CCI,2021,Q4
2624,/home/aacastro/conferences_data/companies/CCI/2021/Q2,CCI,2021,Q2
2625,/home/aacastro/conferences_data/companies/CCI/2021/Q1,CCI,2021,Q1
2626,/home/aacastro/conferences_data/companies/CCI/2021/Q3,CCI,2021,Q3
2627,/home/aacastro/conferences_data/companies/CCI/2020/Q4,CCI,2020,Q4
2628,/home/aacastro/conferences_data/companies/CCI/2022/Q4,CCI,2022,Q4
2629,/home/aacastro/conferences_data/companies/CCI/2022/Q2,CCI,2022,Q2
2630,/home/aacastro/conferences_data/companies/CCI/2022/Q1,CCI,2022,Q1
2631,/home/aacastro/conferences_data/companies/CCI/2022/Q3,CCI,2022,Q3
2632,/home/aacastro/conferences_data/companies/MDLZ/2019/Q4,MDLZ,2019,Q4
2633,/home/aacastro/conferences_data/companies/MDLZ/2019/Q2,MDLZ,2019,Q2
2634,/home/aacastro/conferences_data/companies/MDLZ/2019/Q3,MDLZ,2019,Q3
2635,/home/aacastro/conferences_data/companies/MDLZ/2024/Q2,MDLZ,2024,Q2
2636,/home/aacastro/conferences_data/companies/MDLZ/2024/Q3,MDLZ,2024,Q3
2637,/home/aacastro/conferences_data/companies/MDLZ/2023/Q4,MDLZ,2023,Q4
2638,/home/aacastro/conferences_data/companies/MDLZ/2023/Q2,MDLZ,2023,Q2
2639,/home/aacastro/conferences_data/companies/MDLZ/2023/Q1,MDLZ,2023,Q1
2640,/home/aacastro/conferences_data/companies/MDLZ/2023/Q3,MDLZ,2023,Q3
2641,/home/aacastro/conferences_data/companies/MDLZ/2021/Q4,MDLZ,2021,Q4
2642,/home/aacastro/conferences_data/companies/MDLZ/2021/Q2,MDLZ,2021,Q2
2643,/home/aacastro/conferences_data/companies/MDLZ/2021/Q1,MDLZ,2021,Q1
2644,/home/aacastro/conferences_data/companies/MDLZ/2021/Q3,MDLZ,2021,Q3
2645,/home/aacastro/conferences_data/companies/MDLZ/2020/Q4,MDLZ,2020,Q4
2646,/home/aacastro/conferences_data/companies/MDLZ/2020/Q2,MDLZ,2020,Q2
2647,/home/aacastro/conferences_data/companies/MDLZ/2022/Q4,MDLZ,2022,Q4
2648,/home/aacastro/conferences_data/companies/MDLZ/2022/Q2,MDLZ,2022,Q2
2649,/home/aacastro/conferences_data/companies/MDLZ/2022/Q1,MDLZ,2022,Q1
2650,/home/aacastro/conferences_data/companies/VST/2024/Q1,VST,2024,Q1
2651,/home/aacastro/conferences_data/companies/VST/2024/Q3,VST,2024,Q3
2652,/home/aacastro/conferences_data/companies/VST/2023/Q4,VST,2023,Q4
2653,/home/aacastro/conferences_data/companies/VST/2023/Q2,VST,2023,Q2
2654,/home/aacastro/conferences_data/companies/VST/2023/Q1,VST,2023,Q1
2655,/home/aacastro/conferences_data/companies/VST/2023/Q3,VST,2023,Q3
2656,/home/aacastro/conferences_data/companies/VST/2021/Q4,VST,2021,Q4
2657,/home/aacastro/conferences_data/companies/VST/2021/Q2,VST,2021,Q2
2658,/home/aacastro/conferences_data/companies/VST/2021/Q3,VST,2021,Q3
2659,/home/aacastro/conferences_data/companies/VST/2020/Q4,VST,2020,Q4
2660,/home/aacastro/conferences_data/companies/VST/2020/Q3,VST,2020,Q3
2661,/home/aacastro/conferences_data/companies/VST/2022/Q4,VST,2022,Q4
2662,/home/aacastro/conferences_data/companies/VST/2022/Q2,VST,2022,Q2
2663,/home/aacastro/conferences_data/companies/VST/2022/Q1,VST,2022,Q1
2664,/home/aacastro/conferences_data/companies/VST/2022/Q3,VST,2022,Q3
2665,/home/aacastro/conferences_data/companies/RTX/2019/Q4,RTX,2019,Q4
2666,/home/aacastro/conferences_data/companies/RTX/2019/Q2,RTX,2019,Q2
2667,/home/aacastro/conferences_data/companies/RTX/2019/Q1,RTX,2019,Q1
2668,/home/aacastro/conferences_data/companies/RTX/2019/Q3,RTX,2019,Q3
2669,/home/aacastro/conferences_data/companies/RTX/2024/Q2,RTX,2024,Q2
2670,/home/aacastro/conferences_data/companies/RTX/2024/Q1,RTX,2024,Q1
2671,/home/aacastro/conferences_data/companies/RTX/2024/Q3,RTX,2024,Q3
2672,/home/aacastro/conferences_data/companies/RTX/2023/Q4,RTX,2023,Q4
2673,/home/aacastro/conferences_data/companies/RTX/2023/Q2,RTX,2023,Q2
2674,/home/aacastro/conferences_data/companies/RTX/2023/Q1,RTX,2023,Q1
2675,/home/aacastro/conferences_data/companies/RTX/2023/Q3,RTX,2023,Q3
2676,/home/aacastro/conferences_data/companies/RTX/2021/Q4,RTX,2021,Q4
2677,/home/aacastro/conferences_data/companies/RTX/2021/Q2,RTX,2021,Q2
2678,/home/aacastro/conferences_data/companies/RTX/2021/Q1,RTX,2021,Q1
2679,/home/aacastro/conferences_data/companies/RTX/2021/Q3,RTX,2021,Q3
2680,/home/aacastro/conferences_data/companies/RTX/2020/Q4,RTX,2020,Q4
2681,/home/aacastro/conferences_data/companies/RTX/2020/Q2,RTX,2020,Q2
2682,/home/aacastro/conferences_data/companies/RTX/2020/Q1,RTX,2020,Q1
2683,/home/aacastro/conferences_data/companies/RTX/2020/Q3,RTX,2020,Q3
2684,/home/aacastro/conferences_data/companies/RTX/2022/Q4,RTX,2022,Q4
2685,/home/aacastro/conferences_data/companies/RTX/2022/Q2,RTX,2022,Q2
2686,/home/aacastro/conferences_data/companies/RTX/2022/Q1,RTX,2022,Q1
2687,/home/aacastro/conferences_data/companies/RTX/2022/Q3,RTX,2022,Q3
2688,/home/aacastro/conferences_data/companies/TSLA/2019/Q4,TSLA,2019,Q4
2689,/home/aacastro/conferences_data/companies/TSLA/2019/Q2,TSLA,2019,Q2
2690,/home/aacastro/conferences_data/companies/TSLA/2019/Q1,TSLA,2019,Q1
2691,/home/aacastro/conferences_data/companies/TSLA/2019/Q3,TSLA,2019,Q3
2692,/home/aacastro/conferences_data/companies/TSLA/2024/Q2,TSLA,2024,Q2
2693,/home/aacastro/conferences_data/companies/TSLA/2024/Q1,TSLA,2024,Q1
2694,/home/aacastro/conferences_data/companies/TSLA/2024/Q3,TSLA,2024,Q3
2695,/home/aacastro/conferences_data/companies/TSLA/2023/Q4,TSLA,2023,Q4
2696,/home/aacastro/conferences_data/companies/TSLA/2023/Q2,TSLA,2023,Q2
2697,/home/aacastro/conferences_data/companies/TSLA/2023/Q1,TSLA,2023,Q1
2698,/home/aacastro/conferences_data/companies/TSLA/2023/Q3,TSLA,2023,Q3
2699,/home/aacastro/conferences_data/companies/TSLA/2021/Q4,TSLA,2021,Q4
2700,/home/aacastro/conferences_data/companies/TSLA/2021/Q2,TSLA,2021,Q2
2701,/home/aacastro/conferences_data/companies/TSLA/2021/Q1,TSLA,2021,Q1
2702,/home/aacastro/conferences_data/companies/TSLA/2021/Q3,TSLA,2021,Q3
2703,/home/aacastro/conferences_data/companies/TSLA/2018/Q4,TSLA,2018,Q4
2704,/home/aacastro/conferences_data/companies/TSLA/2018/Q2,TSLA,2018,Q2
2705,/home/aacastro/conferences_data/companies/TSLA/2018/Q1,TSLA,2018,Q1
2706,/home/aacastro/conferences_data/companies/TSLA/2018/Q3,TSLA,2018,Q3
2707,/home/aacastro/conferences_data/companies/TSLA/2020/Q4,TSLA,2020,Q4
2708,/home/aacastro/conferences_data/companies/TSLA/2020/Q2,TSLA,2020,Q2
2709,/home/aacastro/conferences_data/companies/TSLA/2020/Q1,TSLA,2020,Q1
2710,/home/aacastro/conferences_data/companies/TSLA/2020/Q3,TSLA,2020,Q3
2711,/home/aacastro/conferences_data/companies/TSLA/2022/Q4,TSLA,2022,Q4
2712,/home/aacastro/conferences_data/companies/TSLA/2022/Q2,TSLA,2022,Q2
2713,/home/aacastro/conferences_data/companies/TSLA/2022/Q1,TSLA,2022,Q1
2714,/home/aacastro/conferences_data/companies/TSLA/2022/Q3,TSLA,2022,Q3
2715,/home/aacastro/conferences_data/companies/HAL/2024/Q2,HAL,2024,Q2
2716,/home/aacastro/conferences_data/companies/HAL/2024/Q3,HAL,2024,Q3
2717,/home/aacastro/conferences_data/companies/HAL/2023/Q4,HAL,2023,Q4
2718,/home/aacastro/conferences_data/companies/HAL/2023/Q2,HAL,2023,Q2
2719,/home/aacastro/conferences_data/companies/HAL/2023/Q1,HAL,2023,Q1
2720,/home/aacastro/conferences_data/companies/HAL/2023/Q3,HAL,2023,Q3
2721,/home/aacastro/conferences_data/companies/HAL/2021/Q4,HAL,2021,Q4
2722,/home/aacastro/conferences_data/companies/HAL/2021/Q2,HAL,2021,Q2
2723,/home/aacastro/conferences_data/companies/HAL/2021/Q1,HAL,2021,Q1
2724,/home/aacastro/conferences_data/companies/HAL/2021/Q3,HAL,2021,Q3
2725,/home/aacastro/conferences_data/companies/HAL/2020/Q4,HAL,2020,Q4
2726,/home/aacastro/conferences_data/companies/HAL/2022/Q4,HAL,2022,Q4
2727,/home/aacastro/conferences_data/companies/HAL/2022/Q2,HAL,2022,Q2
2728,/home/aacastro/conferences_data/companies/HAL/2022/Q3,HAL,2022,Q3
2729,/home/aacastro/conferences_data/companies/HLT/2024/Q2,HLT,2024,Q2
2730,/home/aacastro/conferences_data/companies/HLT/2024/Q1,HLT,2024,Q1
2731,/home/aacastro/conferences_data/companies/HLT/2024/Q3,HLT,2024,Q3
2732,/home/aacastro/conferences_data/companies/HLT/2023/Q4,HLT,2023,Q4
2733,/home/aacastro/conferences_data/companies/HLT/2023/Q2,HLT,2023,Q2
2734,/home/aacastro/conferences_data/companies/HLT/2023/Q1,HLT,2023,Q1
2735,/home/aacastro/conferences_data/companies/HLT/2023/Q3,HLT,2023,Q3
2736,/home/aacastro/conferences_data/companies/HLT/2021/Q4,HLT,2021,Q4
2737,/home/aacastro/conferences_data/companies/HLT/2021/Q2,HLT,2021,Q2
2738,/home/aacastro/conferences_data/companies/HLT/2021/Q1,HLT,2021,Q1
2739,/home/aacastro/conferences_data/companies/HLT/2021/Q3,HLT,2021,Q3
2740,/home/aacastro/conferences_data/companies/HLT/2020/Q4,HLT,2020,Q4
2741,/home/aacastro/conferences_data/companies/HLT/2022/Q4,HLT,2022,Q4
2742,/home/aacastro/conferences_data/companies/HLT/2022/Q2,HLT,2022,Q2
2743,/home/aacastro/conferences_data/companies/HLT/2022/Q1,HLT,2022,Q1
2744,/home/aacastro/conferences_data/companies/HLT/2022/Q3,HLT,2022,Q3
2745,/home/aacastro/conferences_data/companies/SPG/2024/Q2,SPG,2024,Q2
2746,/home/aacastro/conferences_data/companies/SPG/2024/Q1,SPG,2024,Q1
2747,/home/aacastro/conferences_data/companies/SPG/2024/Q3,SPG,2024,Q3
2748,/home/aacastro/conferences_data/companies/SPG/2023/Q4,SPG,2023,Q4
2749,/home/aacastro/conferences_data/companies/SPG/2023/Q1,SPG,2023,Q1
2750,/home/aacastro/conferences_data/companies/SPG/2023/Q3,SPG,2023,Q3
2751,/home/aacastro/conferences_data/companies/SPG/2021/Q4,SPG,2021,Q4
2752,/home/aacastro/conferences_data/companies/SPG/2021/Q2,SPG,2021,Q2
2753,/home/aacastro/conferences_data/companies/SPG/2021/Q1,SPG,2021,Q1
2754,/home/aacastro/conferences_data/companies/SPG/2021/Q3,SPG,2021,Q3
2755,/home/aacastro/conferences_data/companies/SPG/2022/Q2,SPG,2022,Q2
2756,/home/aacastro/conferences_data/companies/SPG/2022/Q1,SPG,2022,Q1
2757,/home/aacastro/conferences_data/companies/SPG/2022/Q3,SPG,2022,Q3
2758,/home/aacastro/conferences_data/companies/BAC/2019/Q4,BAC,2019,Q4
2759,/home/aacastro/conferences_data/companies/BAC/2019/Q2,BAC,2019,Q2
2760,/home/aacastro/conferences_data/companies/BAC/2019/Q1,BAC,2019,Q1
2761,/home/aacastro/conferences_data/companies/BAC/2019/Q3,BAC,2019,Q3
2762,/home/aacastro/conferences_data/companies/BAC/2024/Q1,BAC,2024,Q1
2763,/home/aacastro/conferences_data/companies/BAC/2024/Q3,BAC,2024,Q3
2764,/home/aacastro/conferences_data/companies/BAC/2023/Q4,BAC,2023,Q4
2765,/home/aacastro/conferences_data/companies/BAC/2023/Q2,BAC,2023,Q2
2766,/home/aacastro/conferences_data/companies/BAC/2023/Q1,BAC,2023,Q1
2767,/home/aacastro/conferences_data/companies/BAC/2023/Q3,BAC,2023,Q3
2768,/home/aacastro/conferences_data/companies/BAC/2021/Q4,BAC,2021,Q4
2769,/home/aacastro/conferences_data/companies/BAC/2021/Q2,BAC,2021,Q2
2770,/home/aacastro/conferences_data/companies/BAC/2021/Q1,BAC,2021,Q1
2771,/home/aacastro/conferences_data/companies/BAC/2021/Q3,BAC,2021,Q3
2772,/home/aacastro/conferences_data/companies/BAC/2020/Q4,BAC,2020,Q4
2773,/home/aacastro/conferences_data/companies/BAC/2020/Q2,BAC,2020,Q2
2774,/home/aacastro/conferences_data/companies/BAC/2020/Q1,BAC,2020,Q1
2775,/home/aacastro/conferences_data/companies/BAC/2020/Q3,BAC,2020,Q3
2776,/home/aacastro/conferences_data/companies/BAC/2022/Q4,BAC,2022,Q4
2777,/home/aacastro/conferences_data/companies/BAC/2022/Q2,BAC,2022,Q2
2778,/home/aacastro/conferences_data/companies/BAC/2022/Q1,BAC,2022,Q1
2779,/home/aacastro/conferences_data/companies/BAC/2022/Q3,BAC,2022,Q3
2780,/home/aacastro/conferences_data/companies/SPGI/2019/Q4,SPGI,2019,Q4
2781,/home/aacastro/conferences_data/companies/SPGI/2019/Q2,SPGI,2019,Q2
2782,/home/aacastro/conferences_data/companies/SPGI/2019/Q1,SPGI,2019,Q1
2783,/home/aacastro/conferences_data/companies/SPGI/2019/Q3,SPGI,2019,Q3
2784,/home/aacastro/conferences_data/companies/SPGI/2024/Q2,SPGI,2024,Q2
2785,/home/aacastro/conferences_data/companies/SPGI/2024/Q1,SPGI,2024,Q1
2786,/home/aacastro/conferences_data/companies/SPGI/2024/Q3,SPGI,2024,Q3
2787,/home/aacastro/conferences_data/companies/SPGI/2023/Q4,SPGI,2023,Q4
2788,/home/aacastro/conferences_data/companies/SPGI/2023/Q2,SPGI,2023,Q2
2789,/home/aacastro/conferences_data/companies/SPGI/2023/Q1,SPGI,2023,Q1
2790,/home/aacastro/conferences_data/companies/SPGI/2023/Q3,SPGI,2023,Q3
2791,/home/aacastro/conferences_data/companies/SPGI/2021/Q4,SPGI,2021,Q4
2792,/home/aacastro/conferences_data/companies/SPGI/2021/Q2,SPGI,2021,Q2
2793,/home/aacastro/conferences_data/companies/SPGI/2021/Q1,SPGI,2021,Q1
2794,/home/aacastro/conferences_data/companies/SPGI/2021/Q3,SPGI,2021,Q3
2795,/home/aacastro/conferences_data/companies/SPGI/2018/Q4,SPGI,2018,Q4
2796,/home/aacastro/conferences_data/companies/SPGI/2020/Q4,SPGI,2020,Q4
2797,/home/aacastro/conferences_data/companies/SPGI/2020/Q2,SPGI,2020,Q2
2798,/home/aacastro/conferences_data/companies/SPGI/2020/Q1,SPGI,2020,Q1
2799,/home/aacastro/conferences_data/companies/SPGI/2022/Q4,SPGI,2022,Q4
2800,/home/aacastro/conferences_data/companies/SPGI/2022/Q2,SPGI,2022,Q2
2801,/home/aacastro/conferences_data/companies/SPGI/2022/Q1,SPGI,2022,Q1
2802,/home/aacastro/conferences_data/companies/SPGI/2022/Q3,SPGI,2022,Q3
2803,/home/aacastro/conferences_data/companies/HD/2019/Q4,HD,2019,Q4
2804,/home/aacastro/conferences_data/companies/HD/2019/Q2,HD,2019,Q2
2805,/home/aacastro/conferences_data/companies/HD/2019/Q3,HD,2019,Q3
2806,/home/aacastro/conferences_data/companies/HD/2024/Q1,HD,2024,Q1
2807,/home/aacastro/conferences_data/companies/HD/2024/Q3,HD,2024,Q3
2808,/home/aacastro/conferences_data/companies/HD/2023/Q4,HD,2023,Q4
2809,/home/aacastro/conferences_data/companies/HD/2023/Q1,HD,2023,Q1
2810,/home/aacastro/conferences_data/companies/HD/2023/Q3,HD,2023,Q3
2811,/home/aacastro/conferences_data/companies/HD/2021/Q2,HD,2021,Q2
2812,/home/aacastro/conferences_data/companies/HD/2021/Q1,HD,2021,Q1
2813,/home/aacastro/conferences_data/companies/HD/2021/Q3,HD,2021,Q3
2814,/home/aacastro/conferences_data/companies/HD/2020/Q4,HD,2020,Q4
2815,/home/aacastro/conferences_data/companies/HD/2020/Q2,HD,2020,Q2
2816,/home/aacastro/conferences_data/companies/HD/2020/Q1,HD,2020,Q1
2817,/home/aacastro/conferences_data/companies/HD/2020/Q3,HD,2020,Q3
2818,/home/aacastro/conferences_data/companies/TGT/2024/Q2,TGT,2024,Q2
2819,/home/aacastro/conferences_data/companies/TGT/2024/Q1,TGT,2024,Q1
2820,/home/aacastro/conferences_data/companies/TGT/2024/Q3,TGT,2024,Q3
2821,/home/aacastro/conferences_data/companies/TGT/2023/Q2,TGT,2023,Q2
2822,/home/aacastro/conferences_data/companies/TGT/2023/Q1,TGT,2023,Q1
2823,/home/aacastro/conferences_data/companies/TGT/2023/Q3,TGT,2023,Q3
2824,/home/aacastro/conferences_data/companies/TGT/2021/Q2,TGT,2021,Q2
2825,/home/aacastro/conferences_data/companies/TGT/2021/Q1,TGT,2021,Q1
2826,/home/aacastro/conferences_data/companies/TGT/2021/Q3,TGT,2021,Q3
2827,/home/aacastro/conferences_data/companies/TGT/2022/Q2,TGT,2022,Q2
2828,/home/aacastro/conferences_data/companies/TGT/2022/Q1,TGT,2022,Q1
2829,/home/aacastro/conferences_data/companies/DLR/2024/Q2,DLR,2024,Q2
2830,/home/aacastro/conferences_data/companies/DLR/2024/Q1,DLR,2024,Q1
2831,/home/aacastro/conferences_data/companies/DLR/2024/Q3,DLR,2024,Q3
2832,/home/aacastro/conferences_data/companies/DLR/2023/Q4,DLR,2023,Q4
2833,/home/aacastro/conferences_data/companies/DLR/2023/Q2,DLR,2023,Q2
2834,/home/aacastro/conferences_data/companies/DLR/2023/Q1,DLR,2023,Q1
2835,/home/aacastro/conferences_data/companies/DLR/2021/Q4,DLR,2021,Q4
2836,/home/aacastro/conferences_data/companies/DLR/2021/Q1,DLR,2021,Q1
2837,/home/aacastro/conferences_data/companies/DLR/2021/Q3,DLR,2021,Q3
2838,/home/aacastro/conferences_data/companies/DLR/2022/Q4,DLR,2022,Q4
2839,/home/aacastro/conferences_data/companies/DLR/2022/Q2,DLR,2022,Q2
2840,/home/aacastro/conferences_data/companies/DLR/2022/Q1,DLR,2022,Q1
2841,/home/aacastro/conferences_data/companies/DLR/2022/Q3,DLR,2022,Q3
2842,/home/aacastro/conferences_data/companies/NUE/2024/Q2,NUE,2024,Q2
2843,/home/aacastro/conferences_data/companies/NUE/2024/Q1,NUE,2024,Q1
2844,/home/aacastro/conferences_data/companies/NUE/2024/Q3,NUE,2024,Q3
2845,/home/aacastro/conferences_data/companies/NUE/2023/Q4,NUE,2023,Q4
2846,/home/aacastro/conferences_data/companies/NUE/2023/Q2,NUE,2023,Q2
2847,/home/aacastro/conferences_data/companies/NUE/2023/Q1,NUE,2023,Q1
2848,/home/aacastro/conferences_data/companies/NUE/2023/Q3,NUE,2023,Q3
2849,/home/aacastro/conferences_data/companies/NUE/2021/Q4,NUE,2021,Q4
2850,/home/aacastro/conferences_data/companies/NUE/2021/Q2,NUE,2021,Q2
2851,/home/aacastro/conferences_data/companies/NUE/2021/Q1,NUE,2021,Q1
2852,/home/aacastro/conferences_data/companies/NUE/2022/Q4,NUE,2022,Q4
2853,/home/aacastro/conferences_data/companies/NUE/2022/Q2,NUE,2022,Q2
2854,/home/aacastro/conferences_data/companies/NUE/2022/Q1,NUE,2022,Q1
2855,/home/aacastro/conferences_data/companies/NUE/2022/Q3,NUE,2022,Q3
2856,/home/aacastro/conferences_data/companies/MMM/2024/Q2,MMM,2024,Q2
2857,/home/aacastro/conferences_data/companies/MMM/2024/Q1,MMM,2024,Q1
2858,/home/aacastro/conferences_data/companies/MMM/2024/Q3,MMM,2024,Q3
2859,/home/aacastro/conferences_data/companies/MMM/2023/Q4,MMM,2023,Q4
2860,/home/aacastro/conferences_data/companies/MMM/2023/Q2,MMM,2023,Q2
2861,/home/aacastro/conferences_data/companies/MMM/2023/Q1,MMM,2023,Q1
2862,/home/aacastro/conferences_data/companies/MMM/2023/Q3,MMM,2023,Q3
2863,/home/aacastro/conferences_data/companies/MMM/2021/Q4,MMM,2021,Q4
2864,/home/aacastro/conferences_data/companies/MMM/2021/Q2,MMM,2021,Q2
2865,/home/aacastro/conferences_data/companies/MMM/2021/Q1,MMM,2021,Q1
2866,/home/aacastro/conferences_data/companies/MMM/2021/Q3,MMM,2021,Q3
2867,/home/aacastro/conferences_data/companies/MMM/2022/Q4,MMM,2022,Q4
2868,/home/aacastro/conferences_data/companies/MMM/2022/Q2,MMM,2022,Q2
2869,/home/aacastro/conferences_data/companies/MMM/2022/Q1,MMM,2022,Q1
2870,/home/aacastro/conferences_data/companies/MMM/2022/Q3,MMM,2022,Q3
2871,/home/aacastro/conferences_data/companies/LIN/2019/Q4,LIN,2019,Q4
2872,/home/aacastro/conferences_data/companies/LIN/2019/Q3,LIN,2019,Q3
2873,/home/aacastro/conferences_data/companies/LIN/2024/Q2,LIN,2024,Q2
2874,/home/aacastro/conferences_data/companies/LIN/2024/Q1,LIN,2024,Q1
2875,/home/aacastro/conferences_data/companies/LIN/2023/Q4,LIN,2023,Q4
2876,/home/aacastro/conferences_data/companies/LIN/2023/Q2,LIN,2023,Q2
2877,/home/aacastro/conferences_data/companies/LIN/2023/Q1,LIN,2023,Q1
2878,/home/aacastro/conferences_data/companies/LIN/2023/Q3,LIN,2023,Q3
2879,/home/aacastro/conferences_data/companies/LIN/2021/Q4,LIN,2021,Q4
2880,/home/aacastro/conferences_data/companies/LIN/2021/Q2,LIN,2021,Q2
2881,/home/aacastro/conferences_data/companies/LIN/2021/Q1,LIN,2021,Q1
2882,/home/aacastro/conferences_data/companies/LIN/2021/Q3,LIN,2021,Q3
2883,/home/aacastro/conferences_data/companies/LIN/2020/Q4,LIN,2020,Q4
2884,/home/aacastro/conferences_data/companies/LIN/2020/Q2,LIN,2020,Q2
2885,/home/aacastro/conferences_data/companies/LIN/2020/Q3,LIN,2020,Q3
2886,/home/aacastro/conferences_data/companies/LIN/2022/Q4,LIN,2022,Q4
2887,/home/aacastro/conferences_data/companies/LIN/2022/Q2,LIN,2022,Q2
2888,/home/aacastro/conferences_data/companies/LIN/2022/Q1,LIN,2022,Q1
2889,/home/aacastro/conferences_data/companies/LIN/2022/Q3,LIN,2022,Q3
2890,/home/aacastro/conferences_data/companies/PEG/2019/Q4,PEG,2019,Q4
2891,/home/aacastro/conferences_data/companies/PEG/2019/Q2,PEG,2019,Q2
2892,/home/aacastro/conferences_data/companies/PEG/2019/Q3,PEG,2019,Q3
2893,/home/aacastro/conferences_data/companies/PEG/2024/Q2,PEG,2024,Q2
2894,/home/aacastro/conferences_data/companies/PEG/2024/Q1,PEG,2024,Q1
2895,/home/aacastro/conferences_data/companies/PEG/2024/Q3,PEG,2024,Q3
2896,/home/aacastro/conferences_data/companies/PEG/2023/Q4,PEG,2023,Q4
2897,/home/aacastro/conferences_data/companies/PEG/2023/Q2,PEG,2023,Q2
2898,/home/aacastro/conferences_data/companies/PEG/2023/Q1,PEG,2023,Q1
2899,/home/aacastro/conferences_data/companies/PEG/2023/Q3,PEG,2023,Q3
2900,/home/aacastro/conferences_data/companies/PEG/2021/Q4,PEG,2021,Q4
2901,/home/aacastro/conferences_data/companies/PEG/2021/Q2,PEG,2021,Q2
2902,/home/aacastro/conferences_data/companies/PEG/2021/Q1,PEG,2021,Q1
2903,/home/aacastro/conferences_data/companies/PEG/2021/Q3,PEG,2021,Q3
2904,/home/aacastro/conferences_data/companies/PEG/2020/Q4,PEG,2020,Q4
2905,/home/aacastro/conferences_data/companies/PEG/2020/Q2,PEG,2020,Q2
2906,/home/aacastro/conferences_data/companies/PEG/2020/Q1,PEG,2020,Q1
2907,/home/aacastro/conferences_data/companies/PEG/2020/Q3,PEG,2020,Q3
2908,/home/aacastro/conferences_data/companies/PEG/2022/Q4,PEG,2022,Q4
2909,/home/aacastro/conferences_data/companies/PEG/2022/Q2,PEG,2022,Q2
2910,/home/aacastro/conferences_data/companies/PEG/2022/Q1,PEG,2022,Q1
2911,/home/aacastro/conferences_data/companies/PEG/2022/Q3,PEG,2022,Q3
2912,/home/aacastro/conferences_data/companies/MRK/2019/Q4,MRK,2019,Q4
2913,/home/aacastro/conferences_data/companies/MRK/2019/Q2,MRK,2019,Q2
2914,/home/aacastro/conferences_data/companies/MRK/2019/Q1,MRK,2019,Q1
2915,/home/aacastro/conferences_data/companies/MRK/2024/Q2,MRK,2024,Q2
2916,/home/aacastro/conferences_data/companies/MRK/2024/Q1,MRK,2024,Q1
2917,/home/aacastro/conferences_data/companies/MRK/2024/Q3,MRK,2024,Q3
2918,/home/aacastro/conferences_data/companies/MRK/2023/Q4,MRK,2023,Q4
2919,/home/aacastro/conferences_data/companies/MRK/2023/Q2,MRK,2023,Q2
2920,/home/aacastro/conferences_data/companies/MRK/2023/Q1,MRK,2023,Q1
2921,/home/aacastro/conferences_data/companies/MRK/2023/Q3,MRK,2023,Q3
2922,/home/aacastro/conferences_data/companies/MRK/2021/Q4,MRK,2021,Q4
2923,/home/aacastro/conferences_data/companies/MRK/2021/Q2,MRK,2021,Q2
2924,/home/aacastro/conferences_data/companies/MRK/2021/Q1,MRK,2021,Q1
2925,/home/aacastro/conferences_data/companies/MRK/2021/Q3,MRK,2021,Q3
2926,/home/aacastro/conferences_data/companies/MRK/2020/Q4,MRK,2020,Q4
2927,/home/aacastro/conferences_data/companies/MRK/2020/Q2,MRK,2020,Q2
2928,/home/aacastro/conferences_data/companies/MRK/2020/Q1,MRK,2020,Q1
2929,/home/aacastro/conferences_data/companies/MRK/2020/Q3,MRK,2020,Q3
2930,/home/aacastro/conferences_data/companies/MRK/2022/Q4,MRK,2022,Q4
2931,/home/aacastro/conferences_data/companies/MRK/2022/Q2,MRK,2022,Q2
2932,/home/aacastro/conferences_data/companies/MRK/2022/Q1,MRK,2022,Q1
2933,/home/aacastro/conferences_data/companies/MRK/2022/Q3,MRK,2022,Q3
2934,/home/aacastro/conferences_data/companies/GE/2024/Q2,GE,2024,Q2
2935,/home/aacastro/conferences_data/companies/GE/2024/Q1,GE,2024,Q1
2936,/home/aacastro/conferences_data/companies/GE/2024/Q3,GE,2024,Q3
2937,/home/aacastro/conferences_data/companies/GE/2023/Q4,GE,2023,Q4
2938,/home/aacastro/conferences_data/companies/GE/2023/Q2,GE,2023,Q2
2939,/home/aacastro/conferences_data/companies/GE/2023/Q1,GE,2023,Q1
2940,/home/aacastro/conferences_data/companies/GE/2023/Q3,GE,2023,Q3
2941,/home/aacastro/conferences_data/companies/GE/2021/Q4,GE,2021,Q4
2942,/home/aacastro/conferences_data/companies/GE/2021/Q2,GE,2021,Q2
2943,/home/aacastro/conferences_data/companies/GE/2021/Q1,GE,2021,Q1
2944,/home/aacastro/conferences_data/companies/GE/2021/Q3,GE,2021,Q3
2945,/home/aacastro/conferences_data/companies/GE/2020/Q4,GE,2020,Q4
2946,/home/aacastro/conferences_data/companies/GE/2022/Q4,GE,2022,Q4
2947,/home/aacastro/conferences_data/companies/GE/2022/Q2,GE,2022,Q2
2948,/home/aacastro/conferences_data/companies/GE/2022/Q1,GE,2022,Q1
2949,/home/aacastro/conferences_data/companies/GE/2022/Q3,GE,2022,Q3
2950,/home/aacastro/conferences_data/companies/PYPL/2019/Q4,PYPL,2019,Q4
2951,/home/aacastro/conferences_data/companies/PYPL/2019/Q1,PYPL,2019,Q1
2952,/home/aacastro/conferences_data/companies/PYPL/2024/Q2,PYPL,2024,Q2
2953,/home/aacastro/conferences_data/companies/PYPL/2024/Q1,PYPL,2024,Q1
2954,/home/aacastro/conferences_data/companies/PYPL/2024/Q3,PYPL,2024,Q3
2955,/home/aacastro/conferences_data/companies/PYPL/2023/Q4,PYPL,2023,Q4
2956,/home/aacastro/conferences_data/companies/PYPL/2023/Q2,PYPL,2023,Q2
2957,/home/aacastro/conferences_data/companies/PYPL/2023/Q1,PYPL,2023,Q1
2958,/home/aacastro/conferences_data/companies/PYPL/2023/Q3,PYPL,2023,Q3
2959,/home/aacastro/conferences_data/companies/PYPL/2021/Q4,PYPL,2021,Q4
2960,/home/aacastro/conferences_data/companies/PYPL/2021/Q2,PYPL,2021,Q2
2961,/home/aacastro/conferences_data/companies/PYPL/2021/Q1,PYPL,2021,Q1
2962,/home/aacastro/conferences_data/companies/PYPL/2021/Q3,PYPL,2021,Q3
2963,/home/aacastro/conferences_data/companies/PYPL/2020/Q4,PYPL,2020,Q4
2964,/home/aacastro/conferences_data/companies/PYPL/2020/Q2,PYPL,2020,Q2
2965,/home/aacastro/conferences_data/companies/PYPL/2020/Q1,PYPL,2020,Q1
2966,/home/aacastro/conferences_data/companies/PYPL/2020/Q3,PYPL,2020,Q3
2967,/home/aacastro/conferences_data/companies/PYPL/2022/Q4,PYPL,2022,Q4
2968,/home/aacastro/conferences_data/companies/PYPL/2022/Q2,PYPL,2022,Q2
2969,/home/aacastro/conferences_data/companies/PYPL/2022/Q1,PYPL,2022,Q1
2970,/home/aacastro/conferences_data/companies/PYPL/2022/Q3,PYPL,2022,Q3
2971,/home/aacastro/conferences_data/companies/BSX/2019/Q4,BSX,2019,Q4
2972,/home/aacastro/conferences_data/companies/BSX/2019/Q2,BSX,2019,Q2
2973,/home/aacastro/conferences_data/companies/BSX/2019/Q1,BSX,2019,Q1
2974,/home/aacastro/conferences_data/companies/BSX/2019/Q3,BSX,2019,Q3
2975,/home/aacastro/conferences_data/companies/BSX/2024/Q2,BSX,2024,Q2
2976,/home/aacastro/conferences_data/companies/BSX/2024/Q1,BSX,2024,Q1
2977,/home/aacastro/conferences_data/companies/BSX/2024/Q3,BSX,2024,Q3
2978,/home/aacastro/conferences_data/companies/BSX/2023/Q4,BSX,2023,Q4
2979,/home/aacastro/conferences_data/companies/BSX/2023/Q2,BSX,2023,Q2
2980,/home/aacastro/conferences_data/companies/BSX/2023/Q1,BSX,2023,Q1
2981,/home/aacastro/conferences_data/companies/BSX/2023/Q3,BSX,2023,Q3
2982,/home/aacastro/conferences_data/companies/BSX/2021/Q4,BSX,2021,Q4
2983,/home/aacastro/conferences_data/companies/BSX/2021/Q2,BSX,2021,Q2
2984,/home/aacastro/conferences_data/companies/BSX/2021/Q1,BSX,2021,Q1
2985,/home/aacastro/conferences_data/companies/BSX/2021/Q3,BSX,2021,Q3
2986,/home/aacastro/conferences_data/companies/BSX/2020/Q4,BSX,2020,Q4
2987,/home/aacastro/conferences_data/companies/BSX/2020/Q2,BSX,2020,Q2
2988,/home/aacastro/conferences_data/companies/BSX/2020/Q1,BSX,2020,Q1
2989,/home/aacastro/conferences_data/companies/BSX/2020/Q3,BSX,2020,Q3
2990,/home/aacastro/conferences_data/companies/BSX/2022/Q4,BSX,2022,Q4
2991,/home/aacastro/conferences_data/companies/BSX/2022/Q1,BSX,2022,Q1
2992,/home/aacastro/conferences_data/companies/BSX/2022/Q3,BSX,2022,Q3
2993,/home/aacastro/conferences_data/companies/PLD/2019/Q4,PLD,2019,Q4
2994,/home/aacastro/conferences_data/companies/PLD/2019/Q2,PLD,2019,Q2
2995,/home/aacastro/conferences_data/companies/PLD/2019/Q1,PLD,2019,Q1
2996,/home/aacastro/conferences_data/companies/PLD/2019/Q3,PLD,2019,Q3
2997,/home/aacastro/conferences_data/companies/PLD/2024/Q2,PLD,2024,Q2
2998,/home/aacastro/conferences_data/companies/PLD/2024/Q1,PLD,2024,Q1
2999,/home/aacastro/conferences_data/companies/PLD/2024/Q3,PLD,2024,Q3
3000,/home/aacastro/conferences_data/companies/PLD/2023/Q4,PLD,2023,Q4
3001,/home/aacastro/conferences_data/companies/PLD/2023/Q2,PLD,2023,Q2
3002,/home/aacastro/conferences_data/companies/PLD/2023/Q1,PLD,2023,Q1
3003,/home/aacastro/conferences_data/companies/PLD/2023/Q3,PLD,2023,Q3
3004,/home/aacastro/conferences_data/companies/PLD/2021/Q4,PLD,2021,Q4
3005,/home/aacastro/conferences_data/companies/PLD/2021/Q2,PLD,2021,Q2
3006,/home/aacastro/conferences_data/companies/PLD/2021/Q1,PLD,2021,Q1
3007,/home/aacastro/conferences_data/companies/PLD/2021/Q3,PLD,2021,Q3
3008,/home/aacastro/conferences_data/companies/PLD/2020/Q4,PLD,2020,Q4
3009,/home/aacastro/conferences_data/companies/PLD/2020/Q2,PLD,2020,Q2
3010,/home/aacastro/conferences_data/companies/PLD/2020/Q1,PLD,2020,Q1
3011,/home/aacastro/conferences_data/companies/PLD/2020/Q3,PLD,2020,Q3
3012,/home/aacastro/conferences_data/companies/PLD/2022/Q4,PLD,2022,Q4
3013,/home/aacastro/conferences_data/companies/PLD/2022/Q2,PLD,2022,Q2
3014,/home/aacastro/conferences_data/companies/PLD/2022/Q3,PLD,2022,Q3
3015,/home/aacastro/conferences_data/companies/PEP/2024/Q2,PEP,2024,Q2
3016,/home/aacastro/conferences_data/companies/PEP/2024/Q1,PEP,2024,Q1
3017,/home/aacastro/conferences_data/companies/PEP/2024/Q3,PEP,2024,Q3
3018,/home/aacastro/conferences_data/companies/PEP/2023/Q4,PEP,2023,Q4
3019,/home/aacastro/conferences_data/companies/PEP/2023/Q2,PEP,2023,Q2
3020,/home/aacastro/conferences_data/companies/PEP/2023/Q1,PEP,2023,Q1
3021,/home/aacastro/conferences_data/companies/PEP/2023/Q3,PEP,2023,Q3
3022,/home/aacastro/conferences_data/companies/PEP/2021/Q4,PEP,2021,Q4
3023,/home/aacastro/conferences_data/companies/PEP/2021/Q2,PEP,2021,Q2
3024,/home/aacastro/conferences_data/companies/PEP/2021/Q1,PEP,2021,Q1
3025,/home/aacastro/conferences_data/companies/PEP/2021/Q3,PEP,2021,Q3
3026,/home/aacastro/conferences_data/companies/PEP/2020/Q4,PEP,2020,Q4
3027,/home/aacastro/conferences_data/companies/PEP/2020/Q2,PEP,2020,Q2
3028,/home/aacastro/conferences_data/companies/PEP/2022/Q2,PEP,2022,Q2
3029,/home/aacastro/conferences_data/companies/PEP/2022/Q1,PEP,2022,Q1
3030,/home/aacastro/conferences_data/companies/PEP/2022/Q3,PEP,2022,Q3
3031,/home/aacastro/conferences_data/companies/SRE/2024/Q2,SRE,2024,Q2
3032,/home/aacastro/conferences_data/companies/SRE/2024/Q1,SRE,2024,Q1
3033,/home/aacastro/conferences_data/companies/SRE/2024/Q3,SRE,2024,Q3
3034,/home/aacastro/conferences_data/companies/SRE/2023/Q4,SRE,2023,Q4
3035,/home/aacastro/conferences_data/companies/SRE/2023/Q2,SRE,2023,Q2
3036,/home/aacastro/conferences_data/companies/SRE/2023/Q1,SRE,2023,Q1
3037,/home/aacastro/conferences_data/companies/SRE/2023/Q3,SRE,2023,Q3
3038,/home/aacastro/conferences_data/companies/SRE/2021/Q4,SRE,2021,Q4
3039,/home/aacastro/conferences_data/companies/SRE/2021/Q2,SRE,2021,Q2
3040,/home/aacastro/conferences_data/companies/SRE/2021/Q3,SRE,2021,Q3
3041,/home/aacastro/conferences_data/companies/SRE/2022/Q4,SRE,2022,Q4
3042,/home/aacastro/conferences_data/companies/SRE/2022/Q2,SRE,2022,Q2
3043,/home/aacastro/conferences_data/companies/SRE/2022/Q1,SRE,2022,Q1
3044,/home/aacastro/conferences_data/companies/SRE/2022/Q3,SRE,2022,Q3
3045,/home/aacastro/conferences_data/companies/MPC/2024/Q2,MPC,2024,Q2
3046,/home/aacastro/conferences_data/companies/MPC/2024/Q1,MPC,2024,Q1
3047,/home/aacastro/conferences_data/companies/MPC/2024/Q3,MPC,2024,Q3
3048,/home/aacastro/conferences_data/companies/MPC/2023/Q4,MPC,2023,Q4
3049,/home/aacastro/conferences_data/companies/MPC/2023/Q2,MPC,2023,Q2
3050,/home/aacastro/conferences_data/companies/MPC/2023/Q1,MPC,2023,Q1
3051,/home/aacastro/conferences_data/companies/MPC/2023/Q3,MPC,2023,Q3
3052,/home/aacastro/conferences_data/companies/MPC/2021/Q4,MPC,2021,Q4
3053,/home/aacastro/conferences_data/companies/MPC/2021/Q3,MPC,2021,Q3
3054,/home/aacastro/conferences_data/companies/MPC/2022/Q4,MPC,2022,Q4
3055,/home/aacastro/conferences_data/companies/MPC/2022/Q2,MPC,2022,Q2
3056,/home/aacastro/conferences_data/companies/MPC/2022/Q1,MPC,2022,Q1
3057,/home/aacastro/conferences_data/companies/MPC/2022/Q3,MPC,2022,Q3
3058,/home/aacastro/conferences_data/companies/CVX/2019/Q4,CVX,2019,Q4
3059,/home/aacastro/conferences_data/companies/CVX/2019/Q2,CVX,2019,Q2
3060,/home/aacastro/conferences_data/companies/CVX/2019/Q1,CVX,2019,Q1
3061,/home/aacastro/conferences_data/companies/CVX/2019/Q3,CVX,2019,Q3
3062,/home/aacastro/conferences_data/companies/CVX/2024/Q2,CVX,2024,Q2
3063,/home/aacastro/conferences_data/companies/CVX/2024/Q1,CVX,2024,Q1
3064,/home/aacastro/conferences_data/companies/CVX/2024/Q3,CVX,2024,Q3
3065,/home/aacastro/conferences_data/companies/CVX/2023/Q4,CVX,2023,Q4
3066,/home/aacastro/conferences_data/companies/CVX/2023/Q2,CVX,2023,Q2
3067,/home/aacastro/conferences_data/companies/CVX/2023/Q1,CVX,2023,Q1
3068,/home/aacastro/conferences_data/companies/CVX/2023/Q3,CVX,2023,Q3
3069,/home/aacastro/conferences_data/companies/CVX/2021/Q4,CVX,2021,Q4
3070,/home/aacastro/conferences_data/companies/CVX/2021/Q2,CVX,2021,Q2
3071,/home/aacastro/conferences_data/companies/CVX/2021/Q1,CVX,2021,Q1
3072,/home/aacastro/conferences_data/companies/CVX/2018/Q4,CVX,2018,Q4
3073,/home/aacastro/conferences_data/companies/CVX/2020/Q4,CVX,2020,Q4
3074,/home/aacastro/conferences_data/companies/CVX/2020/Q2,CVX,2020,Q2
3075,/home/aacastro/conferences_data/companies/CVX/2020/Q1,CVX,2020,Q1
3076,/home/aacastro/conferences_data/companies/CVX/2020/Q3,CVX,2020,Q3
3077,/home/aacastro/conferences_data/companies/CVX/2022/Q4,CVX,2022,Q4
3078,/home/aacastro/conferences_data/companies/CVX/2022/Q2,CVX,2022,Q2
3079,/home/aacastro/conferences_data/companies/CVX/2022/Q1,CVX,2022,Q1
3080,/home/aacastro/conferences_data/companies/CVX/2022/Q3,CVX,2022,Q3
3081,/home/aacastro/conferences_data/companies/MSFT/2019/Q4,MSFT,2019,Q4
3082,/home/aacastro/conferences_data/companies/MSFT/2019/Q2,MSFT,2019,Q2
3083,/home/aacastro/conferences_data/companies/MSFT/2019/Q3,MSFT,2019,Q3
3084,/home/aacastro/conferences_data/companies/MSFT/2024/Q4,MSFT,2024,Q4
3085,/home/aacastro/conferences_data/companies/MSFT/2024/Q2,MSFT,2024,Q2
3086,/home/aacastro/conferences_data/companies/MSFT/2024/Q1,MSFT,2024,Q1
3087,/home/aacastro/conferences_data/companies/MSFT/2024/Q3,MSFT,2024,Q3
3088,/home/aacastro/conferences_data/companies/MSFT/2023/Q4,MSFT,2023,Q4
3089,/home/aacastro/conferences_data/companies/MSFT/2023/Q2,MSFT,2023,Q2
3090,/home/aacastro/conferences_data/companies/MSFT/2023/Q1,MSFT,2023,Q1
3091,/home/aacastro/conferences_data/companies/MSFT/2023/Q3,MSFT,2023,Q3
3092,/home/aacastro/conferences_data/companies/MSFT/2021/Q4,MSFT,2021,Q4
3093,/home/aacastro/conferences_data/companies/MSFT/2021/Q2,MSFT,2021,Q2
3094,/home/aacastro/conferences_data/companies/MSFT/2021/Q1,MSFT,2021,Q1
3095,/home/aacastro/conferences_data/companies/MSFT/2021/Q3,MSFT,2021,Q3
3096,/home/aacastro/conferences_data/companies/MSFT/2025/Q1,MSFT,2025,Q1
3097,/home/aacastro/conferences_data/companies/MSFT/2020/Q4,MSFT,2020,Q4
3098,/home/aacastro/conferences_data/companies/MSFT/2020/Q2,MSFT,2020,Q2
3099,/home/aacastro/conferences_data/companies/MSFT/2020/Q1,MSFT,2020,Q1
3100,/home/aacastro/conferences_data/companies/MSFT/2020/Q3,MSFT,2020,Q3
3101,/home/aacastro/conferences_data/companies/MSFT/2022/Q4,MSFT,2022,Q4
3102,/home/aacastro/conferences_data/companies/MSFT/2022/Q2,MSFT,2022,Q2
3103,/home/aacastro/conferences_data/companies/MSFT/2022/Q1,MSFT,2022,Q1
3104,/home/aacastro/conferences_data/companies/MSFT/2022/Q3,MSFT,2022,Q3
3105,/home/aacastro/conferences_data/companies/NKE/2024/Q4,NKE,2024,Q4
3106,/home/aacastro/conferences_data/companies/NKE/2024/Q2,NKE,2024,Q2
3107,/home/aacastro/conferences_data/companies/NKE/2024/Q1,NKE,2024,Q1
3108,/home/aacastro/conferences_data/companies/NKE/2024/Q3,NKE,2024,Q3
3109,/home/aacastro/conferences_data/companies/NKE/2023/Q4,NKE,2023,Q4
3110,/home/aacastro/conferences_data/companies/NKE/2023/Q2,NKE,2023,Q2
3111,/home/aacastro/conferences_data/companies/NKE/2023/Q1,NKE,2023,Q1
3112,/home/aacastro/conferences_data/companies/NKE/2023/Q3,NKE,2023,Q3
3113,/home/aacastro/conferences_data/companies/NKE/2021/Q4,NKE,2021,Q4
3114,/home/aacastro/conferences_data/companies/NKE/2025/Q1,NKE,2025,Q1
3115,/home/aacastro/conferences_data/companies/NKE/2022/Q4,NKE,2022,Q4
3116,/home/aacastro/conferences_data/companies/NKE/2022/Q2,NKE,2022,Q2
3117,/home/aacastro/conferences_data/companies/NKE/2022/Q1,NKE,2022,Q1
3118,/home/aacastro/conferences_data/companies/NKE/2022/Q3,NKE,2022,Q3
3119,/home/aacastro/conferences_data/companies/TMO/2024/Q2,TMO,2024,Q2
3120,/home/aacastro/conferences_data/companies/TMO/2024/Q1,TMO,2024,Q1
3121,/home/aacastro/conferences_data/companies/TMO/2024/Q3,TMO,2024,Q3
3122,/home/aacastro/conferences_data/companies/TMO/2023/Q4,TMO,2023,Q4
3123,/home/aacastro/conferences_data/companies/TMO/2023/Q2,TMO,2023,Q2
3124,/home/aacastro/conferences_data/companies/TMO/2023/Q1,TMO,2023,Q1
3125,/home/aacastro/conferences_data/companies/TMO/2023/Q3,TMO,2023,Q3
3126,/home/aacastro/conferences_data/companies/TMO/2021/Q4,TMO,2021,Q4
3127,/home/aacastro/conferences_data/companies/TMO/2021/Q3,TMO,2021,Q3
3128,/home/aacastro/conferences_data/companies/TMO/2022/Q4,TMO,2022,Q4
3129,/home/aacastro/conferences_data/companies/TMO/2022/Q2,TMO,2022,Q2
3130,/home/aacastro/conferences_data/companies/TMO/2022/Q1,TMO,2022,Q1
3131,/home/aacastro/conferences_data/companies/TMO/2022/Q3,TMO,2022,Q3
3132,/home/aacastro/conferences_data/companies/MS/2024/Q2,MS,2024,Q2
3133,/home/aacastro/conferences_data/companies/MS/2024/Q1,MS,2024,Q1
3134,/home/aacastro/conferences_data/companies/MS/2024/Q3,MS,2024,Q3
3135,/home/aacastro/conferences_data/companies/MS/2023/Q4,MS,2023,Q4
3136,/home/aacastro/conferences_data/companies/MS/2023/Q2,MS,2023,Q2
3137,/home/aacastro/conferences_data/companies/MS/2023/Q1,MS,2023,Q1
3138,/home/aacastro/conferences_data/companies/MS/2023/Q3,MS,2023,Q3
3139,/home/aacastro/conferences_data/companies/MS/2021/Q4,MS,2021,Q4
3140,/home/aacastro/conferences_data/companies/MS/2021/Q2,MS,2021,Q2
3141,/home/aacastro/conferences_data/companies/MS/2021/Q1,MS,2021,Q1
3142,/home/aacastro/conferences_data/companies/MS/2021/Q3,MS,2021,Q3
3143,/home/aacastro/conferences_data/companies/MS/2020/Q4,MS,2020,Q4
3144,/home/aacastro/conferences_data/companies/MS/2020/Q2,MS,2020,Q2
3145,/home/aacastro/conferences_data/companies/MS/2020/Q1,MS,2020,Q1
3146,/home/aacastro/conferences_data/companies/MS/2020/Q3,MS,2020,Q3
3147,/home/aacastro/conferences_data/companies/MS/2022/Q4,MS,2022,Q4
3148,/home/aacastro/conferences_data/companies/MS/2022/Q2,MS,2022,Q2
3149,/home/aacastro/conferences_data/companies/MS/2022/Q1,MS,2022,Q1
3150,/home/aacastro/conferences_data/companies/MS/2022/Q3,MS,2022,Q3
3151,/home/aacastro/conferences_data/companies/TMUS/2024/Q2,TMUS,2024,Q2
3152,/home/aacastro/conferences_data/companies/TMUS/2024/Q1,TMUS,2024,Q1
3153,/home/aacastro/conferences_data/companies/TMUS/2024/Q3,TMUS,2024,Q3
3154,/home/aacastro/conferences_data/companies/TMUS/2023/Q4,TMUS,2023,Q4
3155,/home/aacastro/conferences_data/companies/TMUS/2021/Q4,TMUS,2021,Q4
3156,/home/aacastro/conferences_data/companies/TMUS/2021/Q3,TMUS,2021,Q3
3157,/home/aacastro/conferences_data/companies/TMUS/2020/Q4,TMUS,2020,Q4
3158,/home/aacastro/conferences_data/companies/TMUS/2020/Q3,TMUS,2020,Q3
3159,/home/aacastro/conferences_data/companies/TMUS/2022/Q4,TMUS,2022,Q4
3160,/home/aacastro/conferences_data/companies/TMUS/2022/Q1,TMUS,2022,Q1
3161,/home/aacastro/conferences_data/companies/EQR/2024/Q2,EQR,2024,Q2
3162,/home/aacastro/conferences_data/companies/EQR/2024/Q1,EQR,2024,Q1
3163,/home/aacastro/conferences_data/companies/EQR/2024/Q3,EQR,2024,Q3
3164,/home/aacastro/conferences_data/companies/EQR/2023/Q4,EQR,2023,Q4
3165,/home/aacastro/conferences_data/companies/EQR/2023/Q2,EQR,2023,Q2
3166,/home/aacastro/conferences_data/companies/EQR/2021/Q4,EQR,2021,Q4
3167,/home/aacastro/conferences_data/companies/EQR/2022/Q4,EQR,2022,Q4
3168,/home/aacastro/conferences_data/companies/EQR/2022/Q1,EQR,2022,Q1
3169,/home/aacastro/conferences_data/companies/EQR/2022/Q3,EQR,2022,Q3
3170,/home/aacastro/conferences_data/companies/HES/2019/Q4,HES,2019,Q4
3171,/home/aacastro/conferences_data/companies/HES/2019/Q2,HES,2019,Q2
3172,/home/aacastro/conferences_data/companies/HES/2019/Q1,HES,2019,Q1
3173,/home/aacastro/conferences_data/companies/HES/2019/Q3,HES,2019,Q3
3174,/home/aacastro/conferences_data/companies/HES/2023/Q2,HES,2023,Q2
3175,/home/aacastro/conferences_data/companies/HES/2023/Q1,HES,2023,Q1
3176,/home/aacastro/conferences_data/companies/HES/2021/Q4,HES,2021,Q4
3177,/home/aacastro/conferences_data/companies/HES/2021/Q2,HES,2021,Q2
3178,/home/aacastro/conferences_data/companies/HES/2021/Q1,HES,2021,Q1
3179,/home/aacastro/conferences_data/companies/HES/2021/Q3,HES,2021,Q3
3180,/home/aacastro/conferences_data/companies/HES/2020/Q4,HES,2020,Q4
3181,/home/aacastro/conferences_data/companies/HES/2020/Q1,HES,2020,Q1
3182,/home/aacastro/conferences_data/companies/HES/2020/Q3,HES,2020,Q3
3183,/home/aacastro/conferences_data/companies/HES/2022/Q4,HES,2022,Q4
3184,/home/aacastro/conferences_data/companies/HES/2022/Q2,HES,2022,Q2
3185,/home/aacastro/conferences_data/companies/HES/2022/Q1,HES,2022,Q1
3186,/home/aacastro/conferences_data/companies/HES/2022/Q3,HES,2022,Q3
3187,/home/aacastro/conferences_data/companies/AVGO/2019/Q4,AVGO,2019,Q4
3188,/home/aacastro/conferences_data/companies/AVGO/2019/Q2,AVGO,2019,Q2
3189,/home/aacastro/conferences_data/companies/AVGO/2019/Q1,AVGO,2019,Q1
3190,/home/aacastro/conferences_data/companies/AVGO/2019/Q3,AVGO,2019,Q3
3191,/home/aacastro/conferences_data/companies/AVGO/2024/Q2,AVGO,2024,Q2
3192,/home/aacastro/conferences_data/companies/AVGO/2024/Q1,AVGO,2024,Q1
3193,/home/aacastro/conferences_data/companies/AVGO/2024/Q3,AVGO,2024,Q3
3194,/home/aacastro/conferences_data/companies/AVGO/2023/Q4,AVGO,2023,Q4
3195,/home/aacastro/conferences_data/companies/AVGO/2023/Q2,AVGO,2023,Q2
3196,/home/aacastro/conferences_data/companies/AVGO/2023/Q3,AVGO,2023,Q3
3197,/home/aacastro/conferences_data/companies/AVGO/2021/Q4,AVGO,2021,Q4
3198,/home/aacastro/conferences_data/companies/AVGO/2021/Q2,AVGO,2021,Q2
3199,/home/aacastro/conferences_data/companies/AVGO/2021/Q1,AVGO,2021,Q1
3200,/home/aacastro/conferences_data/companies/AVGO/2021/Q3,AVGO,2021,Q3
3201,/home/aacastro/conferences_data/companies/AVGO/2020/Q4,AVGO,2020,Q4
3202,/home/aacastro/conferences_data/companies/AVGO/2020/Q2,AVGO,2020,Q2
3203,/home/aacastro/conferences_data/companies/AVGO/2020/Q1,AVGO,2020,Q1
3204,/home/aacastro/conferences_data/companies/AVGO/2020/Q3,AVGO,2020,Q3
3205,/home/aacastro/conferences_data/companies/AVGO/2022/Q2,AVGO,2022,Q2
3206,/home/aacastro/conferences_data/companies/AVGO/2022/Q1,AVGO,2022,Q1
3207,/home/aacastro/conferences_data/companies/AVGO/2022/Q3,AVGO,2022,Q3
3208,/home/aacastro/conferences_data/companies/META/2019/Q4,META,2019,Q4
3209,/home/aacastro/conferences_data/companies/META/2019/Q2,META,2019,Q2
3210,/home/aacastro/conferences_data/companies/META/2019/Q1,META,2019,Q1
3211,/home/aacastro/conferences_data/companies/META/2019/Q3,META,2019,Q3
3212,/home/aacastro/conferences_data/companies/META/2024/Q2,META,2024,Q2
3213,/home/aacastro/conferences_data/companies/META/2024/Q1,META,2024,Q1
3214,/home/aacastro/conferences_data/companies/META/2024/Q3,META,2024,Q3
3215,/home/aacastro/conferences_data/companies/META/2023/Q4,META,2023,Q4
3216,/home/aacastro/conferences_data/companies/META/2023/Q2,META,2023,Q2
3217,/home/aacastro/conferences_data/companies/META/2023/Q1,META,2023,Q1
3218,/home/aacastro/conferences_data/companies/META/2023/Q3,META,2023,Q3
3219,/home/aacastro/conferences_data/companies/META/2021/Q4,META,2021,Q4
3220,/home/aacastro/conferences_data/companies/META/2021/Q2,META,2021,Q2
3221,/home/aacastro/conferences_data/companies/META/2021/Q1,META,2021,Q1
3222,/home/aacastro/conferences_data/companies/META/2021/Q3,META,2021,Q3
3223,/home/aacastro/conferences_data/companies/META/2018/Q4,META,2018,Q4
3224,/home/aacastro/conferences_data/companies/META/2020/Q4,META,2020,Q4
3225,/home/aacastro/conferences_data/companies/META/2020/Q2,META,2020,Q2
3226,/home/aacastro/conferences_data/companies/META/2020/Q1,META,2020,Q1
3227,/home/aacastro/conferences_data/companies/META/2020/Q3,META,2020,Q3
3228,/home/aacastro/conferences_data/companies/META/2022/Q4,META,2022,Q4
3229,/home/aacastro/conferences_data/companies/META/2022/Q2,META,2022,Q2
3230,/home/aacastro/conferences_data/companies/META/2022/Q1,META,2022,Q1
3231,/home/aacastro/conferences_data/companies/META/2022/Q3,META,2022,Q3
3232,/home/aacastro/conferences_data/companies/CHTR/2019/Q4,CHTR,2019,Q4
3233,/home/aacastro/conferences_data/companies/CHTR/2019/Q2,CHTR,2019,Q2
3234,/home/aacastro/conferences_data/companies/CHTR/2019/Q1,CHTR,2019,Q1
3235,/home/aacastro/conferences_data/companies/CHTR/2019/Q3,CHTR,2019,Q3
3236,/home/aacastro/conferences_data/companies/CHTR/2024/Q2,CHTR,2024,Q2
3237,/home/aacastro/conferences_data/companies/CHTR/2024/Q1,CHTR,2024,Q1
3238,/home/aacastro/conferences_data/companies/CHTR/2024/Q3,CHTR,2024,Q3
3239,/home/aacastro/conferences_data/companies/CHTR/2023/Q4,CHTR,2023,Q4
3240,/home/aacastro/conferences_data/companies/CHTR/2023/Q2,CHTR,2023,Q2
3241,/home/aacastro/conferences_data/companies/CHTR/2023/Q1,CHTR,2023,Q1
3242,/home/aacastro/conferences_data/companies/CHTR/2023/Q3,CHTR,2023,Q3
3243,/home/aacastro/conferences_data/companies/CHTR/2021/Q4,CHTR,2021,Q4
3244,/home/aacastro/conferences_data/companies/CHTR/2021/Q2,CHTR,2021,Q2
3245,/home/aacastro/conferences_data/companies/CHTR/2021/Q1,CHTR,2021,Q1
3246,/home/aacastro/conferences_data/companies/CHTR/2021/Q3,CHTR,2021,Q3
3247,/home/aacastro/conferences_data/companies/CHTR/2020/Q4,CHTR,2020,Q4
3248,/home/aacastro/conferences_data/companies/CHTR/2020/Q2,CHTR,2020,Q2
3249,/home/aacastro/conferences_data/companies/CHTR/2020/Q1,CHTR,2020,Q1
3250,/home/aacastro/conferences_data/companies/CHTR/2020/Q3,CHTR,2020,Q3
3251,/home/aacastro/conferences_data/companies/CHTR/2022/Q4,CHTR,2022,Q4
3252,/home/aacastro/conferences_data/companies/CHTR/2022/Q2,CHTR,2022,Q2
3253,/home/aacastro/conferences_data/companies/CHTR/2022/Q1,CHTR,2022,Q1
3254,/home/aacastro/conferences_data/companies/CHTR/2022/Q3,CHTR,2022,Q3
3255,/home/aacastro/conferences_data/companies/VICI/2024/Q2,VICI,2024,Q2
3256,/home/aacastro/conferences_data/companies/VICI/2024/Q1,VICI,2024,Q1
3257,/home/aacastro/conferences_data/companies/VICI/2024/Q3,VICI,2024,Q3
3258,/home/aacastro/conferences_data/companies/VICI/2023/Q4,VICI,2023,Q4
3259,/home/aacastro/conferences_data/companies/VICI/2023/Q2,VICI,2023,Q2
3260,/home/aacastro/conferences_data/companies/VICI/2023/Q1,VICI,2023,Q1
3261,/home/aacastro/conferences_data/companies/VICI/2023/Q3,VICI,2023,Q3
3262,/home/aacastro/conferences_data/companies/VICI/2021/Q4,VICI,2021,Q4
3263,/home/aacastro/conferences_data/companies/VICI/2021/Q2,VICI,2021,Q2
3264,/home/aacastro/conferences_data/companies/VICI/2021/Q1,VICI,2021,Q1
3265,/home/aacastro/conferences_data/companies/VICI/2021/Q3,VICI,2021,Q3
3266,/home/aacastro/conferences_data/companies/VICI/2020/Q4,VICI,2020,Q4
3267,/home/aacastro/conferences_data/companies/VICI/2020/Q3,VICI,2020,Q3
3268,/home/aacastro/conferences_data/companies/VICI/2022/Q2,VICI,2022,Q2
3269,/home/aacastro/conferences_data/companies/VICI/2022/Q1,VICI,2022,Q1
3270,/home/aacastro/conferences_data/companies/VICI/2022/Q3,VICI,2022,Q3
3271,/home/aacastro/conferences_data/companies/LMT/2019/Q2,LMT,2019,Q2
3272,/home/aacastro/conferences_data/companies/LMT/2019/Q1,LMT,2019,Q1
3273,/home/aacastro/conferences_data/companies/LMT/2019/Q3,LMT,2019,Q3
3274,/home/aacastro/conferences_data/companies/LMT/2024/Q4,LMT,2024,Q4
3275,/home/aacastro/conferences_data/companies/LMT/2024/Q2,LMT,2024,Q2
3276,/home/aacastro/conferences_data/companies/LMT/2024/Q1,LMT,2024,Q1
3277,/home/aacastro/conferences_data/companies/LMT/2024/Q3,LMT,2024,Q3
3278,/home/aacastro/conferences_data/companies/LMT/2023/Q4,LMT,2023,Q4
3279,/home/aacastro/conferences_data/companies/LMT/2023/Q2,LMT,2023,Q2
3280,/home/aacastro/conferences_data/companies/LMT/2023/Q1,LMT,2023,Q1
3281,/home/aacastro/conferences_data/companies/LMT/2023/Q3,LMT,2023,Q3
3282,/home/aacastro/conferences_data/companies/LMT/2021/Q4,LMT,2021,Q4
3283,/home/aacastro/conferences_data/companies/LMT/2021/Q2,LMT,2021,Q2
3284,/home/aacastro/conferences_data/companies/LMT/2021/Q1,LMT,2021,Q1
3285,/home/aacastro/conferences_data/companies/LMT/2021/Q3,LMT,2021,Q3
3286,/home/aacastro/conferences_data/companies/LMT/2020/Q4,LMT,2020,Q4
3287,/home/aacastro/conferences_data/companies/LMT/2020/Q2,LMT,2020,Q2
3288,/home/aacastro/conferences_data/companies/LMT/2020/Q1,LMT,2020,Q1
3289,/home/aacastro/conferences_data/companies/LMT/2020/Q3,LMT,2020,Q3
3290,/home/aacastro/conferences_data/companies/LMT/2022/Q4,LMT,2022,Q4
3291,/home/aacastro/conferences_data/companies/LMT/2022/Q2,LMT,2022,Q2
3292,/home/aacastro/conferences_data/companies/LMT/2022/Q1,LMT,2022,Q1
3293,/home/aacastro/conferences_data/companies/LMT/2022/Q3,LMT,2022,Q3
3294,/home/aacastro/conferences_data/companies/STLD/2024/Q2,STLD,2024,Q2
3295,/home/aacastro/conferences_data/companies/STLD/2024/Q1,STLD,2024,Q1
3296,/home/aacastro/conferences_data/companies/STLD/2024/Q3,STLD,2024,Q3
3297,/home/aacastro/conferences_data/companies/STLD/2023/Q4,STLD,2023,Q4
3298,/home/aacastro/conferences_data/companies/STLD/2023/Q1,STLD,2023,Q1
3299,/home/aacastro/conferences_data/companies/STLD/2023/Q3,STLD,2023,Q3
3300,/home/aacastro/conferences_data/companies/STLD/2021/Q4,STLD,2021,Q4
3301,/home/aacastro/conferences_data/companies/STLD/2021/Q2,STLD,2021,Q2
3302,/home/aacastro/conferences_data/companies/STLD/2021/Q1,STLD,2021,Q1
3303,/home/aacastro/conferences_data/companies/STLD/2021/Q3,STLD,2021,Q3
3304,/home/aacastro/conferences_data/companies/STLD/2020/Q3,STLD,2020,Q3
3305,/home/aacastro/conferences_data/companies/STLD/2022/Q4,STLD,2022,Q4
3306,/home/aacastro/conferences_data/companies/STLD/2022/Q2,STLD,2022,Q2
3307,/home/aacastro/conferences_data/companies/STLD/2022/Q1,STLD,2022,Q1
3308,/home/aacastro/conferences_data/companies/STLD/2022/Q3,STLD,2022,Q3
3309,/home/aacastro/conferences_data/companies/UBER/2019/Q4,UBER,2019,Q4
3310,/home/aacastro/conferences_data/companies/UBER/2019/Q2,UBER,2019,Q2
3311,/home/aacastro/conferences_data/companies/UBER/2019/Q1,UBER,2019,Q1
3312,/home/aacastro/conferences_data/companies/UBER/2019/Q3,UBER,2019,Q3
3313,/home/aacastro/conferences_data/companies/UBER/2024/Q2,UBER,2024,Q2
3314,/home/aacastro/conferences_data/companies/UBER/2024/Q1,UBER,2024,Q1
3315,/home/aacastro/conferences_data/companies/UBER/2024/Q3,UBER,2024,Q3
3316,/home/aacastro/conferences_data/companies/UBER/2023/Q4,UBER,2023,Q4
3317,/home/aacastro/conferences_data/companies/UBER/2023/Q2,UBER,2023,Q2
3318,/home/aacastro/conferences_data/companies/UBER/2023/Q1,UBER,2023,Q1
3319,/home/aacastro/conferences_data/companies/UBER/2023/Q3,UBER,2023,Q3
3320,/home/aacastro/conferences_data/companies/UBER/2021/Q4,UBER,2021,Q4
3321,/home/aacastro/conferences_data/companies/UBER/2021/Q2,UBER,2021,Q2
3322,/home/aacastro/conferences_data/companies/UBER/2021/Q1,UBER,2021,Q1
3323,/home/aacastro/conferences_data/companies/UBER/2021/Q3,UBER,2021,Q3
3324,/home/aacastro/conferences_data/companies/UBER/2020/Q4,UBER,2020,Q4
3325,/home/aacastro/conferences_data/companies/UBER/2020/Q2,UBER,2020,Q2
3326,/home/aacastro/conferences_data/companies/UBER/2020/Q1,UBER,2020,Q1
3327,/home/aacastro/conferences_data/companies/UBER/2020/Q3,UBER,2020,Q3
3328,/home/aacastro/conferences_data/companies/UBER/2022/Q4,UBER,2022,Q4
3329,/home/aacastro/conferences_data/companies/UBER/2022/Q2,UBER,2022,Q2
3330,/home/aacastro/conferences_data/companies/UBER/2022/Q1,UBER,2022,Q1
3331,/home/aacastro/conferences_data/companies/UBER/2022/Q3,UBER,2022,Q3
3332,/home/aacastro/conferences_data/companies/IPG/2024/Q2,IPG,2024,Q2
3333,/home/aacastro/conferences_data/companies/IPG/2024/Q1,IPG,2024,Q1
3334,/home/aacastro/conferences_data/companies/IPG/2024/Q3,IPG,2024,Q3
3335,/home/aacastro/conferences_data/companies/IPG/2023/Q4,IPG,2023,Q4
3336,/home/aacastro/conferences_data/companies/IPG/2021/Q1,IPG,2021,Q1
3337,/home/aacastro/conferences_data/companies/EMR/2024/Q4,EMR,2024,Q4
3338,/home/aacastro/conferences_data/companies/EMR/2024/Q2,EMR,2024,Q2
3339,/home/aacastro/conferences_data/companies/EMR/2024/Q1,EMR,2024,Q1
3340,/home/aacastro/conferences_data/companies/EMR/2024/Q3,EMR,2024,Q3
3341,/home/aacastro/conferences_data/companies/EMR/2023/Q4,EMR,2023,Q4
3342,/home/aacastro/conferences_data/companies/EMR/2023/Q2,EMR,2023,Q2
3343,/home/aacastro/conferences_data/companies/EMR/2023/Q1,EMR,2023,Q1
3344,/home/aacastro/conferences_data/companies/EMR/2023/Q3,EMR,2023,Q3
3345,/home/aacastro/conferences_data/companies/EMR/2021/Q4,EMR,2021,Q4
3346,/home/aacastro/conferences_data/companies/EMR/2022/Q4,EMR,2022,Q4
3347,/home/aacastro/conferences_data/companies/EMR/2022/Q2,EMR,2022,Q2
3348,/home/aacastro/conferences_data/companies/EMR/2022/Q1,EMR,2022,Q1
3349,/home/aacastro/conferences_data/companies/EMR/2022/Q3,EMR,2022,Q3
3350,/home/aacastro/conferences_data/companies/AZO/2024/Q4,AZO,2024,Q4
3351,/home/aacastro/conferences_data/companies/AZO/2024/Q2,AZO,2024,Q2
3352,/home/aacastro/conferences_data/companies/AZO/2024/Q1,AZO,2024,Q1
3353,/home/aacastro/conferences_data/companies/AZO/2024/Q3,AZO,2024,Q3
3354,/home/aacastro/conferences_data/companies/AZO/2023/Q4,AZO,2023,Q4
3355,/home/aacastro/conferences_data/companies/AZO/2023/Q2,AZO,2023,Q2
3356,/home/aacastro/conferences_data/companies/AZO/2023/Q1,AZO,2023,Q1
3357,/home/aacastro/conferences_data/companies/AZO/2023/Q3,AZO,2023,Q3
3358,/home/aacastro/conferences_data/companies/AZO/2021/Q4,AZO,2021,Q4
3359,/home/aacastro/conferences_data/companies/AZO/2022/Q4,AZO,2022,Q4
3360,/home/aacastro/conferences_data/companies/AZO/2022/Q2,AZO,2022,Q2
3361,/home/aacastro/conferences_data/companies/AZO/2022/Q1,AZO,2022,Q1
3362,/home/aacastro/conferences_data/companies/AZO/2022/Q3,AZO,2022,Q3
3363,/home/aacastro/conferences_data/companies/UNH/2019/Q4,UNH,2019,Q4
3364,/home/aacastro/conferences_data/companies/UNH/2019/Q2,UNH,2019,Q2
3365,/home/aacastro/conferences_data/companies/UNH/2019/Q1,UNH,2019,Q1
3366,/home/aacastro/conferences_data/companies/UNH/2019/Q3,UNH,2019,Q3
3367,/home/aacastro/conferences_data/companies/UNH/2024/Q2,UNH,2024,Q2
3368,/home/aacastro/conferences_data/companies/UNH/2024/Q1,UNH,2024,Q1
3369,/home/aacastro/conferences_data/companies/UNH/2024/Q3,UNH,2024,Q3
3370,/home/aacastro/conferences_data/companies/UNH/2023/Q4,UNH,2023,Q4
3371,/home/aacastro/conferences_data/companies/UNH/2023/Q2,UNH,2023,Q2
3372,/home/aacastro/conferences_data/companies/UNH/2023/Q1,UNH,2023,Q1
3373,/home/aacastro/conferences_data/companies/UNH/2023/Q3,UNH,2023,Q3
3374,/home/aacastro/conferences_data/companies/UNH/2021/Q4,UNH,2021,Q4
3375,/home/aacastro/conferences_data/companies/UNH/2021/Q2,UNH,2021,Q2
3376,/home/aacastro/conferences_data/companies/UNH/2021/Q1,UNH,2021,Q1
3377,/home/aacastro/conferences_data/companies/UNH/2021/Q3,UNH,2021,Q3
3378,/home/aacastro/conferences_data/companies/UNH/2020/Q1,UNH,2020,Q1
3379,/home/aacastro/conferences_data/companies/UNH/2020/Q3,UNH,2020,Q3
3380,/home/aacastro/conferences_data/companies/UNH/2022/Q4,UNH,2022,Q4
3381,/home/aacastro/conferences_data/companies/UNH/2022/Q2,UNH,2022,Q2
3382,/home/aacastro/conferences_data/companies/UNH/2022/Q1,UNH,2022,Q1
3383,/home/aacastro/conferences_data/companies/UNH/2022/Q3,UNH,2022,Q3
3384,/home/aacastro/conferences_data/companies/LYV/2024/Q2,LYV,2024,Q2
3385,/home/aacastro/conferences_data/companies/LYV/2024/Q1,LYV,2024,Q1
3386,/home/aacastro/conferences_data/companies/LYV/2024/Q3,LYV,2024,Q3
3387,/home/aacastro/conferences_data/companies/LYV/2023/Q4,LYV,2023,Q4
3388,/home/aacastro/conferences_data/companies/LYV/2023/Q2,LYV,2023,Q2
3389,/home/aacastro/conferences_data/companies/LYV/2023/Q1,LYV,2023,Q1
3390,/home/aacastro/conferences_data/companies/LYV/2023/Q3,LYV,2023,Q3
3391,/home/aacastro/conferences_data/companies/LYV/2021/Q4,LYV,2021,Q4
3392,/home/aacastro/conferences_data/companies/LYV/2021/Q2,LYV,2021,Q2
3393,/home/aacastro/conferences_data/companies/LYV/2022/Q3,LYV,2022,Q3
3394,/home/aacastro/conferences_data/companies/EIX/2024/Q2,EIX,2024,Q2
3395,/home/aacastro/conferences_data/companies/EIX/2024/Q1,EIX,2024,Q1
3396,/home/aacastro/conferences_data/companies/EIX/2024/Q3,EIX,2024,Q3
3397,/home/aacastro/conferences_data/companies/EIX/2023/Q4,EIX,2023,Q4
3398,/home/aacastro/conferences_data/companies/EIX/2023/Q1,EIX,2023,Q1
3399,/home/aacastro/conferences_data/companies/EIX/2023/Q3,EIX,2023,Q3
3400,/home/aacastro/conferences_data/companies/EIX/2021/Q4,EIX,2021,Q4
3401,/home/aacastro/conferences_data/companies/EIX/2022/Q4,EIX,2022,Q4
3402,/home/aacastro/conferences_data/companies/EIX/2022/Q2,EIX,2022,Q2
3403,/home/aacastro/conferences_data/companies/EIX/2022/Q1,EIX,2022,Q1
3404,/home/aacastro/conferences_data/companies/EIX/2022/Q3,EIX,2022,Q3
3405,/home/aacastro/conferences_data/companies/MO/2019/Q4,MO,2019,Q4
3406,/home/aacastro/conferences_data/companies/MO/2019/Q2,MO,2019,Q2
3407,/home/aacastro/conferences_data/companies/MO/2019/Q1,MO,2019,Q1
3408,/home/aacastro/conferences_data/companies/MO/2019/Q3,MO,2019,Q3
3409,/home/aacastro/conferences_data/companies/MO/2024/Q2,MO,2024,Q2
3410,/home/aacastro/conferences_data/companies/MO/2024/Q3,MO,2024,Q3
3411,/home/aacastro/conferences_data/companies/MO/2023/Q4,MO,2023,Q4
3412,/home/aacastro/conferences_data/companies/MO/2023/Q1,MO,2023,Q1
3413,/home/aacastro/conferences_data/companies/MO/2023/Q3,MO,2023,Q3
3414,/home/aacastro/conferences_data/companies/MO/2021/Q2,MO,2021,Q2
3415,/home/aacastro/conferences_data/companies/MO/2021/Q1,MO,2021,Q1
3416,/home/aacastro/conferences_data/companies/MO/2021/Q3,MO,2021,Q3
3417,/home/aacastro/conferences_data/companies/MO/2020/Q4,MO,2020,Q4
3418,/home/aacastro/conferences_data/companies/MO/2020/Q2,MO,2020,Q2
3419,/home/aacastro/conferences_data/companies/MO/2020/Q3,MO,2020,Q3
3420,/home/aacastro/conferences_data/companies/MO/2022/Q4,MO,2022,Q4
3421,/home/aacastro/conferences_data/companies/MO/2022/Q2,MO,2022,Q2
3422,/home/aacastro/conferences_data/companies/MO/2022/Q1,MO,2022,Q1
3423,/home/aacastro/conferences_data/companies/MO/2022/Q3,MO,2022,Q3
3424,/home/aacastro/conferences_data/companies/PARA/2019/Q4,PARA,2019,Q4
3425,/home/aacastro/conferences_data/companies/PARA/2019/Q2,PARA,2019,Q2
3426,/home/aacastro/conferences_data/companies/PARA/2019/Q1,PARA,2019,Q1
3427,/home/aacastro/conferences_data/companies/PARA/2019/Q3,PARA,2019,Q3
3428,/home/aacastro/conferences_data/companies/PARA/2024/Q2,PARA,2024,Q2
3429,/home/aacastro/conferences_data/companies/PARA/2024/Q3,PARA,2024,Q3
3430,/home/aacastro/conferences_data/companies/PARA/2023/Q4,PARA,2023,Q4
3431,/home/aacastro/conferences_data/companies/PARA/2023/Q2,PARA,2023,Q2
3432,/home/aacastro/conferences_data/companies/PARA/2023/Q1,PARA,2023,Q1
3433,/home/aacastro/conferences_data/companies/PARA/2023/Q3,PARA,2023,Q3
3434,/home/aacastro/conferences_data/companies/PARA/2021/Q4,PARA,2021,Q4
3435,/home/aacastro/conferences_data/companies/PARA/2021/Q2,PARA,2021,Q2
3436,/home/aacastro/conferences_data/companies/PARA/2021/Q1,PARA,2021,Q1
3437,/home/aacastro/conferences_data/companies/PARA/2021/Q3,PARA,2021,Q3
3438,/home/aacastro/conferences_data/companies/PARA/2018/Q4,PARA,2018,Q4
3439,/home/aacastro/conferences_data/companies/PARA/2020/Q4,PARA,2020,Q4
3440,/home/aacastro/conferences_data/companies/PARA/2020/Q2,PARA,2020,Q2
3441,/home/aacastro/conferences_data/companies/PARA/2020/Q1,PARA,2020,Q1
3442,/home/aacastro/conferences_data/companies/PARA/2020/Q3,PARA,2020,Q3
3443,/home/aacastro/conferences_data/companies/PARA/2022/Q4,PARA,2022,Q4
3444,/home/aacastro/conferences_data/companies/PARA/2022/Q2,PARA,2022,Q2
3445,/home/aacastro/conferences_data/companies/PARA/2022/Q1,PARA,2022,Q1
3446,/home/aacastro/conferences_data/companies/PARA/2022/Q3,PARA,2022,Q3
3447,/home/aacastro/conferences_data/companies/MAR/2024/Q2,MAR,2024,Q2
3448,/home/aacastro/conferences_data/companies/MAR/2024/Q1,MAR,2024,Q1
3449,/home/aacastro/conferences_data/companies/MAR/2024/Q3,MAR,2024,Q3
3450,/home/aacastro/conferences_data/companies/MAR/2023/Q4,MAR,2023,Q4
3451,/home/aacastro/conferences_data/companies/MAR/2023/Q2,MAR,2023,Q2
3452,/home/aacastro/conferences_data/companies/MAR/2023/Q1,MAR,2023,Q1
3453,/home/aacastro/conferences_data/companies/MAR/2023/Q3,MAR,2023,Q3
3454,/home/aacastro/conferences_data/companies/MAR/2021/Q4,MAR,2021,Q4
3455,/home/aacastro/conferences_data/companies/MAR/2021/Q2,MAR,2021,Q2
3456,/home/aacastro/conferences_data/companies/MAR/2021/Q1,MAR,2021,Q1
3457,/home/aacastro/conferences_data/companies/MAR/2021/Q3,MAR,2021,Q3
3458,/home/aacastro/conferences_data/companies/MAR/2020/Q4,MAR,2020,Q4
3459,/home/aacastro/conferences_data/companies/MAR/2022/Q2,MAR,2022,Q2
3460,/home/aacastro/conferences_data/companies/MAR/2022/Q1,MAR,2022,Q1
3461,/home/aacastro/conferences_data/companies/MAR/2022/Q3,MAR,2022,Q3
3462,/home/aacastro/conferences_data/companies/TXN/2019/Q4,TXN,2019,Q4
3463,/home/aacastro/conferences_data/companies/TXN/2019/Q2,TXN,2019,Q2
3464,/home/aacastro/conferences_data/companies/TXN/2019/Q3,TXN,2019,Q3
3465,/home/aacastro/conferences_data/companies/TXN/2024/Q2,TXN,2024,Q2
3466,/home/aacastro/conferences_data/companies/TXN/2023/Q3,TXN,2023,Q3
3467,/home/aacastro/conferences_data/companies/TXN/2021/Q4,TXN,2021,Q4
3468,/home/aacastro/conferences_data/companies/TXN/2021/Q1,TXN,2021,Q1
3469,/home/aacastro/conferences_data/companies/TXN/2021/Q3,TXN,2021,Q3
3470,/home/aacastro/conferences_data/companies/TXN/2020/Q2,TXN,2020,Q2
3471,/home/aacastro/conferences_data/companies/TXN/2020/Q1,TXN,2020,Q1
3472,/home/aacastro/conferences_data/companies/TXN/2022/Q4,TXN,2022,Q4
3473,/home/aacastro/conferences_data/companies/TXN/2022/Q2,TXN,2022,Q2
3474,/home/aacastro/conferences_data/companies/TXN/2022/Q1,TXN,2022,Q1
3475,/home/aacastro/conferences_data/companies/TXN/2022/Q3,TXN,2022,Q3
3476,/home/aacastro/conferences_data/companies/GM/2024/Q2,GM,2024,Q2
3477,/home/aacastro/conferences_data/companies/GM/2024/Q1,GM,2024,Q1
3478,/home/aacastro/conferences_data/companies/GM/2024/Q3,GM,2024,Q3
3479,/home/aacastro/conferences_data/companies/GM/2023/Q4,GM,2023,Q4
3480,/home/aacastro/conferences_data/companies/GM/2023/Q2,GM,2023,Q2
3481,/home/aacastro/conferences_data/companies/GM/2023/Q1,GM,2023,Q1
3482,/home/aacastro/conferences_data/companies/GM/2023/Q3,GM,2023,Q3
3483,/home/aacastro/conferences_data/companies/GM/2021/Q4,GM,2021,Q4
3484,/home/aacastro/conferences_data/companies/GM/2021/Q2,GM,2021,Q2
3485,/home/aacastro/conferences_data/companies/GM/2021/Q1,GM,2021,Q1
3486,/home/aacastro/conferences_data/companies/GM/2021/Q3,GM,2021,Q3
3487,/home/aacastro/conferences_data/companies/GM/2022/Q4,GM,2022,Q4
3488,/home/aacastro/conferences_data/companies/GM/2022/Q2,GM,2022,Q2
3489,/home/aacastro/conferences_data/companies/GM/2022/Q1,GM,2022,Q1
3490,/home/aacastro/conferences_data/companies/GM/2022/Q3,GM,2022,Q3
3491,/home/aacastro/conferences_data/companies/TTWO/2024/Q4,TTWO,2024,Q4
3492,/home/aacastro/conferences_data/companies/TTWO/2024/Q2,TTWO,2024,Q2
3493,/home/aacastro/conferences_data/companies/TTWO/2024/Q1,TTWO,2024,Q1
3494,/home/aacastro/conferences_data/companies/TTWO/2024/Q3,TTWO,2024,Q3
3495,/home/aacastro/conferences_data/companies/TTWO/2023/Q4,TTWO,2023,Q4
3496,/home/aacastro/conferences_data/companies/TTWO/2023/Q2,TTWO,2023,Q2
3497,/home/aacastro/conferences_data/companies/TTWO/2023/Q1,TTWO,2023,Q1
3498,/home/aacastro/conferences_data/companies/TTWO/2023/Q3,TTWO,2023,Q3
3499,/home/aacastro/conferences_data/companies/TTWO/2021/Q4,TTWO,2021,Q4
3500,/home/aacastro/conferences_data/companies/TTWO/2021/Q2,TTWO,2021,Q2
3501,/home/aacastro/conferences_data/companies/TTWO/2021/Q3,TTWO,2021,Q3
3502,/home/aacastro/conferences_data/companies/TTWO/2025/Q2,TTWO,2025,Q2
3503,/home/aacastro/conferences_data/companies/TTWO/2025/Q1,TTWO,2025,Q1
3504,/home/aacastro/conferences_data/companies/TTWO/2022/Q4,TTWO,2022,Q4
3505,/home/aacastro/conferences_data/companies/TTWO/2022/Q2,TTWO,2022,Q2
3506,/home/aacastro/conferences_data/companies/TTWO/2022/Q1,TTWO,2022,Q1
3507,/home/aacastro/conferences_data/companies/TTWO/2022/Q3,TTWO,2022,Q3
3508,/home/aacastro/conferences_data/companies/ADBE/2019/Q2,ADBE,2019,Q2
3509,/home/aacastro/conferences_data/companies/ADBE/2019/Q1,ADBE,2019,Q1
3510,/home/aacastro/conferences_data/companies/ADBE/2019/Q3,ADBE,2019,Q3
3511,/home/aacastro/conferences_data/companies/ADBE/2024/Q3,ADBE,2024,Q3
3512,/home/aacastro/conferences_data/companies/ADBE/2023/Q4,ADBE,2023,Q4
3513,/home/aacastro/conferences_data/companies/ADBE/2023/Q2,ADBE,2023,Q2
3514,/home/aacastro/conferences_data/companies/ADBE/2023/Q1,ADBE,2023,Q1
3515,/home/aacastro/conferences_data/companies/ADBE/2023/Q3,ADBE,2023,Q3
3516,/home/aacastro/conferences_data/companies/ADBE/2021/Q4,ADBE,2021,Q4
3517,/home/aacastro/conferences_data/companies/ADBE/2021/Q1,ADBE,2021,Q1
3518,/home/aacastro/conferences_data/companies/ADBE/2018/Q4,ADBE,2018,Q4
3519,/home/aacastro/conferences_data/companies/ADBE/2020/Q2,ADBE,2020,Q2
3520,/home/aacastro/conferences_data/companies/ADBE/2020/Q1,ADBE,2020,Q1
3521,/home/aacastro/conferences_data/companies/ADBE/2020/Q3,ADBE,2020,Q3
3522,/home/aacastro/conferences_data/companies/ADBE/2022/Q4,ADBE,2022,Q4
3523,/home/aacastro/conferences_data/companies/ADBE/2022/Q2,ADBE,2022,Q2
3524,/home/aacastro/conferences_data/companies/ADBE/2022/Q1,ADBE,2022,Q1
3525,/home/aacastro/conferences_data/companies/ADBE/2022/Q3,ADBE,2022,Q3
3526,/home/aacastro/conferences_data/companies/GD/2019/Q4,GD,2019,Q4
3527,/home/aacastro/conferences_data/companies/GD/2019/Q1,GD,2019,Q1
3528,/home/aacastro/conferences_data/companies/GD/2019/Q3,GD,2019,Q3
3529,/home/aacastro/conferences_data/companies/GD/2024/Q2,GD,2024,Q2
3530,/home/aacastro/conferences_data/companies/GD/2024/Q1,GD,2024,Q1
3531,/home/aacastro/conferences_data/companies/GD/2024/Q3,GD,2024,Q3
3532,/home/aacastro/conferences_data/companies/GD/2023/Q4,GD,2023,Q4
3533,/home/aacastro/conferences_data/companies/GD/2023/Q2,GD,2023,Q2
3534,/home/aacastro/conferences_data/companies/GD/2023/Q1,GD,2023,Q1
3535,/home/aacastro/conferences_data/companies/GD/2023/Q3,GD,2023,Q3
3536,/home/aacastro/conferences_data/companies/GD/2021/Q4,GD,2021,Q4
3537,/home/aacastro/conferences_data/companies/GD/2021/Q2,GD,2021,Q2
3538,/home/aacastro/conferences_data/companies/GD/2021/Q1,GD,2021,Q1
3539,/home/aacastro/conferences_data/companies/GD/2021/Q3,GD,2021,Q3
3540,/home/aacastro/conferences_data/companies/GD/2020/Q4,GD,2020,Q4
3541,/home/aacastro/conferences_data/companies/GD/2020/Q2,GD,2020,Q2
3542,/home/aacastro/conferences_data/companies/GD/2020/Q1,GD,2020,Q1
3543,/home/aacastro/conferences_data/companies/GD/2020/Q3,GD,2020,Q3
3544,/home/aacastro/conferences_data/companies/GD/2022/Q4,GD,2022,Q4
3545,/home/aacastro/conferences_data/companies/GD/2022/Q2,GD,2022,Q2
3546,/home/aacastro/conferences_data/companies/GD/2022/Q1,GD,2022,Q1
3547,/home/aacastro/conferences_data/companies/GD/2022/Q3,GD,2022,Q3
3548,/home/aacastro/conferences_data/companies/GEV/2024/Q2,GEV,2024,Q2
3549,/home/aacastro/conferences_data/companies/GEV/2024/Q1,GEV,2024,Q1
3550,/home/aacastro/conferences_data/companies/INTU/2019/Q4,INTU,2019,Q4
3551,/home/aacastro/conferences_data/companies/INTU/2019/Q2,INTU,2019,Q2
3552,/home/aacastro/conferences_data/companies/INTU/2019/Q3,INTU,2019,Q3
3553,/home/aacastro/conferences_data/companies/INTU/2024/Q4,INTU,2024,Q4
3554,/home/aacastro/conferences_data/companies/INTU/2024/Q2,INTU,2024,Q2
3555,/home/aacastro/conferences_data/companies/INTU/2024/Q1,INTU,2024,Q1
3556,/home/aacastro/conferences_data/companies/INTU/2024/Q3,INTU,2024,Q3
3557,/home/aacastro/conferences_data/companies/INTU/2023/Q4,INTU,2023,Q4
3558,/home/aacastro/conferences_data/companies/INTU/2023/Q2,INTU,2023,Q2
3559,/home/aacastro/conferences_data/companies/INTU/2023/Q1,INTU,2023,Q1
3560,/home/aacastro/conferences_data/companies/INTU/2023/Q3,INTU,2023,Q3
3561,/home/aacastro/conferences_data/companies/INTU/2021/Q4,INTU,2021,Q4
3562,/home/aacastro/conferences_data/companies/INTU/2021/Q2,INTU,2021,Q2
3563,/home/aacastro/conferences_data/companies/INTU/2021/Q1,INTU,2021,Q1
3564,/home/aacastro/conferences_data/companies/INTU/2021/Q3,INTU,2021,Q3
3565,/home/aacastro/conferences_data/companies/INTU/2025/Q1,INTU,2025,Q1
3566,/home/aacastro/conferences_data/companies/INTU/2020/Q4,INTU,2020,Q4
3567,/home/aacastro/conferences_data/companies/INTU/2020/Q2,INTU,2020,Q2
3568,/home/aacastro/conferences_data/companies/INTU/2020/Q1,INTU,2020,Q1
3569,/home/aacastro/conferences_data/companies/INTU/2020/Q3,INTU,2020,Q3
3570,/home/aacastro/conferences_data/companies/INTU/2022/Q4,INTU,2022,Q4
3571,/home/aacastro/conferences_data/companies/INTU/2022/Q2,INTU,2022,Q2
3572,/home/aacastro/conferences_data/companies/INTU/2022/Q1,INTU,2022,Q1
3573,/home/aacastro/conferences_data/companies/INTU/2022/Q3,INTU,2022,Q3
3574,/home/aacastro/conferences_data/companies/ICE/2019/Q4,ICE,2019,Q4
3575,/home/aacastro/conferences_data/companies/ICE/2019/Q2,ICE,2019,Q2
3576,/home/aacastro/conferences_data/companies/ICE/2019/Q1,ICE,2019,Q1
3577,/home/aacastro/conferences_data/companies/ICE/2019/Q3,ICE,2019,Q3
3578,/home/aacastro/conferences_data/companies/ICE/2024/Q1,ICE,2024,Q1
3579,/home/aacastro/conferences_data/companies/ICE/2024/Q3,ICE,2024,Q3
3580,/home/aacastro/conferences_data/companies/ICE/2023/Q4,ICE,2023,Q4
3581,/home/aacastro/conferences_data/companies/ICE/2023/Q2,ICE,2023,Q2
3582,/home/aacastro/conferences_data/companies/ICE/2023/Q1,ICE,2023,Q1
3583,/home/aacastro/conferences_data/companies/ICE/2023/Q3,ICE,2023,Q3
3584,/home/aacastro/conferences_data/companies/ICE/2021/Q4,ICE,2021,Q4
3585,/home/aacastro/conferences_data/companies/ICE/2021/Q2,ICE,2021,Q2
3586,/home/aacastro/conferences_data/companies/ICE/2021/Q1,ICE,2021,Q1
3587,/home/aacastro/conferences_data/companies/ICE/2020/Q4,ICE,2020,Q4
3588,/home/aacastro/conferences_data/companies/ICE/2020/Q2,ICE,2020,Q2
3589,/home/aacastro/conferences_data/companies/ICE/2020/Q1,ICE,2020,Q1
3590,/home/aacastro/conferences_data/companies/ICE/2020/Q3,ICE,2020,Q3
3591,/home/aacastro/conferences_data/companies/ICE/2022/Q4,ICE,2022,Q4
3592,/home/aacastro/conferences_data/companies/ICE/2022/Q2,ICE,2022,Q2
3593,/home/aacastro/conferences_data/companies/ICE/2022/Q1,ICE,2022,Q1
3594,/home/aacastro/conferences_data/companies/ICE/2022/Q3,ICE,2022,Q3
3595,/home/aacastro/conferences_data/companies/DTE/2024/Q2,DTE,2024,Q2
3596,/home/aacastro/conferences_data/companies/DTE/2024/Q1,DTE,2024,Q1
3597,/home/aacastro/conferences_data/companies/DTE/2024/Q3,DTE,2024,Q3
3598,/home/aacastro/conferences_data/companies/DTE/2023/Q4,DTE,2023,Q4
3599,/home/aacastro/conferences_data/companies/DTE/2023/Q2,DTE,2023,Q2
3600,/home/aacastro/conferences_data/companies/DTE/2023/Q1,DTE,2023,Q1
3601,/home/aacastro/conferences_data/companies/DTE/2023/Q3,DTE,2023,Q3
3602,/home/aacastro/conferences_data/companies/DTE/2021/Q2,DTE,2021,Q2
3603,/home/aacastro/conferences_data/companies/DTE/2021/Q1,DTE,2021,Q1
3604,/home/aacastro/conferences_data/companies/DTE/2021/Q3,DTE,2021,Q3
3605,/home/aacastro/conferences_data/companies/DTE/2022/Q4,DTE,2022,Q4
3606,/home/aacastro/conferences_data/companies/DTE/2022/Q2,DTE,2022,Q2
3607,/home/aacastro/conferences_data/companies/DTE/2022/Q1,DTE,2022,Q1
3608,/home/aacastro/conferences_data/companies/DTE/2022/Q3,DTE,2022,Q3
3609,/home/aacastro/conferences_data/companies/PH/2019/Q4,PH,2019,Q4
3610,/home/aacastro/conferences_data/companies/PH/2024/Q4,PH,2024,Q4
3611,/home/aacastro/conferences_data/companies/PH/2024/Q2,PH,2024,Q2
3612,/home/aacastro/conferences_data/companies/PH/2024/Q1,PH,2024,Q1
3613,/home/aacastro/conferences_data/companies/PH/2024/Q3,PH,2024,Q3
3614,/home/aacastro/conferences_data/companies/PH/2023/Q4,PH,2023,Q4
3615,/home/aacastro/conferences_data/companies/PH/2023/Q2,PH,2023,Q2
3616,/home/aacastro/conferences_data/companies/PH/2023/Q1,PH,2023,Q1
3617,/home/aacastro/conferences_data/companies/PH/2023/Q3,PH,2023,Q3
3618,/home/aacastro/conferences_data/companies/PH/2021/Q4,PH,2021,Q4
3619,/home/aacastro/conferences_data/companies/PH/2021/Q2,PH,2021,Q2
3620,/home/aacastro/conferences_data/companies/PH/2021/Q1,PH,2021,Q1
3621,/home/aacastro/conferences_data/companies/PH/2021/Q3,PH,2021,Q3
3622,/home/aacastro/conferences_data/companies/PH/2025/Q1,PH,2025,Q1
3623,/home/aacastro/conferences_data/companies/PH/2020/Q4,PH,2020,Q4
3624,/home/aacastro/conferences_data/companies/PH/2020/Q1,PH,2020,Q1
3625,/home/aacastro/conferences_data/companies/PH/2020/Q3,PH,2020,Q3
3626,/home/aacastro/conferences_data/companies/PH/2022/Q4,PH,2022,Q4
3627,/home/aacastro/conferences_data/companies/PH/2022/Q2,PH,2022,Q2
3628,/home/aacastro/conferences_data/companies/PH/2022/Q1,PH,2022,Q1
3629,/home/aacastro/conferences_data/companies/PH/2022/Q3,PH,2022,Q3
3630,/home/aacastro/conferences_data/companies/BX/2024/Q2,BX,2024,Q2
3631,/home/aacastro/conferences_data/companies/BX/2024/Q3,BX,2024,Q3
3632,/home/aacastro/conferences_data/companies/BX/2023/Q1,BX,2023,Q1
3633,/home/aacastro/conferences_data/companies/BX/2022/Q4,BX,2022,Q4
3634,/home/aacastro/conferences_data/companies/CL/2019/Q4,CL,2019,Q4
3635,/home/aacastro/conferences_data/companies/CL/2019/Q2,CL,2019,Q2
3636,/home/aacastro/conferences_data/companies/CL/2019/Q1,CL,2019,Q1
3637,/home/aacastro/conferences_data/companies/CL/2019/Q3,CL,2019,Q3
3638,/home/aacastro/conferences_data/companies/CL/2024/Q2,CL,2024,Q2
3639,/home/aacastro/conferences_data/companies/CL/2024/Q1,CL,2024,Q1
3640,/home/aacastro/conferences_data/companies/CL/2024/Q3,CL,2024,Q3
3641,/home/aacastro/conferences_data/companies/CL/2023/Q4,CL,2023,Q4
3642,/home/aacastro/conferences_data/companies/CL/2023/Q2,CL,2023,Q2
3643,/home/aacastro/conferences_data/companies/CL/2023/Q1,CL,2023,Q1
3644,/home/aacastro/conferences_data/companies/CL/2023/Q3,CL,2023,Q3
3645,/home/aacastro/conferences_data/companies/CL/2021/Q4,CL,2021,Q4
3646,/home/aacastro/conferences_data/companies/CL/2021/Q2,CL,2021,Q2
3647,/home/aacastro/conferences_data/companies/CL/2021/Q1,CL,2021,Q1
3648,/home/aacastro/conferences_data/companies/CL/2021/Q3,CL,2021,Q3
3649,/home/aacastro/conferences_data/companies/CL/2020/Q4,CL,2020,Q4
3650,/home/aacastro/conferences_data/companies/CL/2020/Q2,CL,2020,Q2
3651,/home/aacastro/conferences_data/companies/CL/2020/Q1,CL,2020,Q1
3652,/home/aacastro/conferences_data/companies/CL/2020/Q3,CL,2020,Q3
3653,/home/aacastro/conferences_data/companies/CL/2022/Q4,CL,2022,Q4
3654,/home/aacastro/conferences_data/companies/CL/2022/Q1,CL,2022,Q1
3655,/home/aacastro/conferences_data/companies/CL/2022/Q3,CL,2022,Q3
3656,/home/aacastro/conferences_data/companies/C/2019/Q4,C,2019,Q4
3657,/home/aacastro/conferences_data/companies/C/2019/Q2,C,2019,Q2
3658,/home/aacastro/conferences_data/companies/C/2019/Q1,C,2019,Q1
3659,/home/aacastro/conferences_data/companies/C/2019/Q3,C,2019,Q3
3660,/home/aacastro/conferences_data/companies/C/2024/Q1,C,2024,Q1
3661,/home/aacastro/conferences_data/companies/C/2024/Q3,C,2024,Q3
3662,/home/aacastro/conferences_data/companies/C/2023/Q4,C,2023,Q4
3663,/home/aacastro/conferences_data/companies/C/2023/Q2,C,2023,Q2
3664,/home/aacastro/conferences_data/companies/C/2023/Q1,C,2023,Q1
3665,/home/aacastro/conferences_data/companies/C/2023/Q3,C,2023,Q3
3666,/home/aacastro/conferences_data/companies/C/2021/Q4,C,2021,Q4
3667,/home/aacastro/conferences_data/companies/C/2021/Q2,C,2021,Q2
3668,/home/aacastro/conferences_data/companies/C/2021/Q1,C,2021,Q1
3669,/home/aacastro/conferences_data/companies/C/2021/Q3,C,2021,Q3
3670,/home/aacastro/conferences_data/companies/C/2018/Q4,C,2018,Q4
3671,/home/aacastro/conferences_data/companies/C/2020/Q4,C,2020,Q4
3672,/home/aacastro/conferences_data/companies/C/2020/Q2,C,2020,Q2
3673,/home/aacastro/conferences_data/companies/C/2020/Q1,C,2020,Q1
3674,/home/aacastro/conferences_data/companies/C/2020/Q3,C,2020,Q3
3675,/home/aacastro/conferences_data/companies/C/2022/Q4,C,2022,Q4
3676,/home/aacastro/conferences_data/companies/C/2022/Q2,C,2022,Q2
3677,/home/aacastro/conferences_data/companies/C/2022/Q1,C,2022,Q1
3678,/home/aacastro/conferences_data/companies/C/2022/Q3,C,2022,Q3
3679,/home/aacastro/conferences_data/companies/LYB/2024/Q2,LYB,2024,Q2
3680,/home/aacastro/conferences_data/companies/LYB/2024/Q1,LYB,2024,Q1
3681,/home/aacastro/conferences_data/companies/LYB/2024/Q3,LYB,2024,Q3
3682,/home/aacastro/conferences_data/companies/LYB/2023/Q4,LYB,2023,Q4
3683,/home/aacastro/conferences_data/companies/LYB/2023/Q2,LYB,2023,Q2
3684,/home/aacastro/conferences_data/companies/LYB/2023/Q1,LYB,2023,Q1
3685,/home/aacastro/conferences_data/companies/LYB/2023/Q3,LYB,2023,Q3
3686,/home/aacastro/conferences_data/companies/LYB/2021/Q4,LYB,2021,Q4
3687,/home/aacastro/conferences_data/companies/LYB/2020/Q4,LYB,2020,Q4
3688,/home/aacastro/conferences_data/companies/LYB/2022/Q2,LYB,2022,Q2
